Major Heading,Major_Heading_MS,Major_Heading_CN,Major_Heading_VN,Activity Code,MET Value,Activity Description,Activity_Description_MS,Activity_Description_CN,Activity_Description_VN
Bicycling,Berbasikal,骑自行车,Đạp xe,1003,14,"Bicycling, mountain, uphill, vigorous","Berbasikal, gunung, mendaki, tenaga tinggi  ",骑自行车，山地，上坡，剧烈,"Đạp xe đạp leo núi, lên dốc, cường độ mạnh"
Bicycling,Berbasikal,骑自行车,Đạp xe,1004,16,"Bicycling, mountain, competitive racing","Berbasikal, gunung, perlumbaan kompetitif  ",骑自行车，山地，竞技比赛,"Đạp xe đạp leo núi, đua tranh"
Bicycling,Berbasikal,骑自行车,Đạp xe,1008,8.5,"Bicycling, BMX","Berbasikal, BMX  ",骑自行车，BMX,Đạp xe BMX
Bicycling,Berbasikal,骑自行车,Đạp xe,1009,8.5,"Bicycling, mountain, general","Berbasikal, gunung, umum  ",骑自行车，山地，一般,"Đạp xe đạp leo núi, chung"
Bicycling,Berbasikal,骑自行车,Đạp xe,1010,4,"Bicycling, <10 mph, leisure, to work or for pleasure (Taylor Code 115)","Berbasikal, <10 mph, santai, untuk kerja atau untuk keseronokan (Kod Taylor 115)  ",骑自行车，<10英里/小时，休闲，用于上班或娱乐（Taylor代码115）,"Đạp xe đạp, <10 mph, thư giãn, đi làm hoặc giải trí (Mã Taylor 115)"
Bicycling,Berbasikal,骑自行车,Đạp xe,1011,6.8,"Bicycling, to/from work, self selected pace","Berbasikal, pergi/ balik ke kerja, kadar sendiri  ",骑自行车，往返上班，自选速度,"Đạp xe đạp đi/đến nơi làm việc, tốc độ tự chọn"
Bicycling,Berbasikal,骑自行车,Đạp xe,1013,5.8,"Bicycling, on dirt or farm road, moderate pace","Berbasikal, di jalan tanah atau ladang, kadar sederhana  ",骑自行车，在土路或农场道路，中等速度,"Đạp xe đạp trên đường đất hoặc đường nông trại, tốc độ vừa"
Bicycling,Berbasikal,骑自行车,Đạp xe,1014,7,"Bicycling, general","Berbasikal, umum  ",骑自行车，一般,"Đạp xe đạp, chung"
Bicycling,Berbasikal,骑自行车,Đạp xe,1015,4.3,"Bicycling, self-selected easy pace","Berbasikal, kadar santai sendiri  ",骑自行车，自选轻松速度,"Đạp xe đạp, tốc độ tự chọn dễ dàng"
Bicycling,Berbasikal,骑自行车,Đạp xe,1016,7,"Bicycling, self-selected moderate pace","Berbasikal, kadar sederhana sendiri  ",骑自行车，自选中等速度,"Đạp xe đạp, tốc độ tự chọn vừa phải"
Bicycling,Berbasikal,骑自行车,Đạp xe,1017,9,"Bicycling, self-selected vigorous pace","Berbasikal, kadar tenaga tinggi sendiri  ",骑自行车，自选剧烈速度,"Đạp xe đạp, tốc độ tự chọn mạnh"
Bicycling,Berbasikal,骑自行车,Đạp xe,1018,3.5,"Bicycling, leisure 5.5 mph","Berbasikal, rekreasi 5.5 mph  ",骑自行车，休闲，5.5英里/小时,"Đạp xe đạp, thư giãn 5,5 mph"
Bicycling,Berbasikal,骑自行车,Đạp xe,1019,5.8,"Bicycling, leisure, 9.4 mph","Berbasikal, rekreasi, 9.4 mph  ",骑自行车，休闲，9.4英里/小时,"Đạp xe đạp, thư giãn, 9,4 mph"
Bicycling,Berbasikal,骑自行车,Đạp xe,1020,6.8,"Bicycling, 10-11.9 mph, leisure, slow, light effort","Berbasikal, 10–11.9 mph, rekreasi, perlahan, usaha ringan  ",骑自行车，10-11.9英里/小时，休闲，慢，轻度用力,"Đạp xe đạp, 10-11,9 mph, thư giãn, chậm, nhẹ"
Bicycling,Berbasikal,骑自行车,Đạp xe,1030,8,"Bicycling, 12-13.9 mph, leisure, moderate effort","Berbasikal, 12–13.9 mph, rekreasi, usaha sederhana  ",骑自行车，12-13.9英里/小时，休闲，中度用力,"Đạp xe đạp, 12-13,9 mph, thư giãn, vừa"
Bicycling,Berbasikal,骑自行车,Đạp xe,1040,10,"Bicycling, 14-15.9 mph, racing or leisure, fast, vigorous effort","Berbasikal, 14–15.9 mph, perlumbaan atau rekreasi, pantas, usaha tenaga tinggi  ",骑自行车，14-15.9英里/小时，比赛或休闲，快，剧烈用力,"Đạp xe đạp, 14-15,9 mph, đua hoặc thư giãn, nhanh, mạnh"
Bicycling,Berbasikal,骑自行车,Đạp xe,1050,12,"Bicycling, 16-19 mph, racing/not drafting or >19 mph drafting, very fast, racing general","Berbasikal, 16–19 mph, perlumbaan/tak mencelah atau >19 mph mencelah, sangat laju, perlumbaan am  ",骑自行车，16-19英里/小时，比赛/不跟车或>19英里/小时跟车，非常快，一般比赛,"Đạp xe đạp, 16-19 mph, đua/không theo sau hoặc >19 mph theo sau, rất nhanh, đua chung"
Bicycling,Berbasikal,骑自行车,Đạp xe,1060,16.8,"Bicycling, >20 mph, racing, not drafting","Berbasikal, >20 mph, perlumbaan, tidak mencelah  ",骑自行车，>20英里/小时，比赛，不跟车,"Đạp xe đạp, >20 mph, đua, không theo sau"
Bicycling,Berbasikal,骑自行车,Đạp xe,1065,8.5,"Bicycling, 12 mph, seated, hands on brake hoods or bar drops, 80 rpm","Berbasikal, 12 mph, duduk, tangan di tuas brek atau bar bawah, 80 rpm  ",骑自行车，12英里/小时，坐姿，手放在刹车把或下把，80转/分钟,"Đạp xe đạp, 12 mph, ngồi, tay trên tay phanh hoặc thanh, 80 vòng/phút"
Bicycling,Berbasikal,骑自行车,Đạp xe,1066,9,"Bicycling, 12 mph, standing, hands on brake hoods, 60 rpm","Berbasikal, 12 mph, berdiri, tangan di tuas brek, 60 rpm  ",骑自行车，12英里/小时，站姿，手放在刹车把，60转/分钟,"Đạp xe đạp, 12 mph, đứng, tay trên tay phanh, 60 vòng/phút"
Bicycling,Berbasikal,骑自行车,Đạp xe,1070,5,Unicycling,Unisepeda,独轮车,Xe đạp một bánh
Bicycling,Berbasikal,骑自行车,Đạp xe,1080,6.8,E-bike (electrically assisted) without electronic support,E-basikal (dengan bantuan elektrik) tanpa sokongan elektronik,电动辅助自行车，无电子辅助,Xe đạp điện (hỗ trợ điện) không hỗ trợ điện tử
Bicycling,Berbasikal,骑自行车,Đạp xe,1084,6,E-bike (electrically assisted) with light electronic support,E-basikal (dengan bantuan elektrik) dengan sokongan elektronik ringan,电动辅助自行车，轻度电子辅助,Xe đạp điện (hỗ trợ điện) với hỗ trợ điện nhẹ
Bicycling,Berbasikal,骑自行车,Đạp xe,1088,4,E-bike (electrically assisted) with high electronic support,E-basikal (dengan bantuan elektrik) dengan sokongan elektronik tinggi,电动辅助自行车，高度电子辅助,Xe đạp điện (hỗ trợ điện) với hỗ trợ điện cao
Bicycling,Berbasikal,骑自行车,Đạp xe,1200,6.8,"Bicycling, stationary, general","Berbasikal, statik, umum  ",动感单车，一般,"Đạp xe tại chỗ, chung"
Bicycling,Berbasikal,骑自行车,Đạp xe,1210,3.5,"Bicycling, stationary, 25-30 watts, very light to light effort","Berbasikal, statik, 25–30 watt, sangat ringan hingga ringan  ",动感单车，25-30瓦，非常轻至轻度,"Đạp xe tại chỗ, 25-30 watt, rất nhẹ đến nhẹ"
Bicycling,Berbasikal,骑自行车,Đạp xe,1214,4,"Bicycling, stationary, 50 watts, light effort","Berbasikal, statik, 50 watt, usaha ringan  ",动感单车，50瓦，轻度,"Đạp xe tại chỗ, 50 watt, nhẹ"
Bicycling,Berbasikal,骑自行车,Đạp xe,1216,5,"Bicycling, stationary, 60 watts, light to moderate effort","Berbasikal, statik, 60 watt, usaha ringan ke sederhana  ",动感单车，60瓦，轻至中度,"Đạp xe tại chỗ, 60 watt, nhẹ đến vừa"
Bicycling,Berbasikal,骑自行车,Đạp xe,1218,5.8,"Bicycling, stationary, 70-80 watts","Berbasikal, statik, 70–80 watt  ",动感单车，70-80瓦,"Đạp xe tại chỗ, 70-80 watt"
Bicycling,Berbasikal,骑自行车,Đạp xe,1220,6,"Bicycling, stationary, 90-100 watts,  moderate to vigorous","Berbasikal, statik, 90–100 watt, sederhana ke tenaga tinggi  ",动感单车，90-100瓦，中等至剧烈,"Đạp xe tại chỗ, 90-100 watt, vừa đến mạnh"
Bicycling,Berbasikal,骑自行车,Đạp xe,1224,6.8,"Bicycling, stationary, 101-125 watts","Berbasikal, statik, 101–125 watt  ",动感单车，101-125瓦,"Đạp xe tại chỗ, 101-125 watt"
Bicycling,Berbasikal,骑自行车,Đạp xe,1228,8,"Bicycling, stationary, 126-150 watts","Berbasikal, statik, 126–150 watt  ",动感单车，126-150瓦,"Đạp xe tại chỗ, 126-150 watt"
Bicycling,Berbasikal,骑自行车,Đạp xe,1232,10.3,"Bicycling, stationary, 151-199 watts","Berbasikal, statik, 151–199 watt  ",动感单车，151-199瓦,"Đạp xe tại chỗ, 151-199 watt"
Bicycling,Berbasikal,骑自行车,Đạp xe,1236,10.8,"Bicycling, stationary, 200-229 watts, vigorous","Berbasikal, statik, 200–229 watt, tenaga tinggi  ",动感单车，200-229瓦，剧烈,"Đạp xe tại chỗ, 200-229 watt, mạnh"
Bicycling,Berbasikal,骑自行车,Đạp xe,1240,12.5,"Bicycling, stationary, 230-250 watts, very vigorous","Berbasikal, statik, 230–250 watt, sangat tenaga tinggi  ",动感单车，230-250瓦，非常剧烈,"Đạp xe tại chỗ, 230-250 watt, rất mạnh"
Bicycling,Berbasikal,骑自行车,Đạp xe,1244,13.8,"Bicycling, stationary, 270-305 watts, very vigorous","Berbasikal, statik, 270–305 watt, sangat tenaga tinggi  ",动感单车，270-305瓦，非常剧烈,"Đạp xe tại chỗ, 270-305 watt, rất mạnh"
Bicycling,Berbasikal,骑自行车,Đạp xe,1248,16.3,"Bicycling, stationary, >325 watts, very vigorous","Berbasikal, statik, >325 watt, sangat tenaga tinggi  ",动感单车，>325瓦，非常剧烈,"Đạp xe tại chỗ, >325 watt, rất mạnh"
Bicycling,Berbasikal,骑自行车,Đạp xe,1252,5.5,"Bicycling, concentric only, 100 W","Berbasikal, hanya konsentrik, 100 W  ",动感单车，仅向心，100瓦,"Đạp xe chỉ co cơ đồng tâm, 100 W"
Bicycling,Berbasikal,骑自行车,Đạp xe,1254,11,"Bicycling, concentric only, 200 W","Berbasikal, hanya konsentrik, 200 W  ",动感单车，仅向心，200瓦,"Đạp xe chỉ co cơ đồng tâm, 200 W"
Bicycling,Berbasikal,骑自行车,Đạp xe,1262,2.3,"Bicycling, eccentric only, 100 to 149 W","Berbasikal, hanya eksentrik, 100–149 W  ",动感单车，仅离心，100至149瓦,"Đạp xe chỉ co cơ ly tâm, 100-149 W"
Bicycling,Berbasikal,骑自行车,Đạp xe,1264,4,"Bicycling, eccentric only, 200 W","Berbasikal, hanya eksentrik, 200 W  ",动感单车，仅离心，200瓦,"Đạp xe chỉ co cơ ly tâm, 200 W"
Bicycling,Berbasikal,骑自行车,Đạp xe,1270,9,"Bicycling, stationary, RPM/Spin bike class","Berbasikal, statik, kelas RPM/Spin bike  ",动感单车，RPM/飞轮课程,"Đạp xe tại chỗ, lớp xe đạp RPM/Spin"
Bicycling,Berbasikal,骑自行车,Đạp xe,1290,8.8,"Bicycling, interactive virtual cycling, indoor cycle ergometer","Berbasikal, bersepeda maya interaktif, ergometer dalam rumah  ",动感单车，互动虚拟骑行，室内功率车,"Đạp xe tương tác ảo, xe đạp trong nhà"
Bicycling,Berbasikal,骑自行车,Đạp xe,1305,8.8,"Bicycling, high intensity interval training","Berbasikal, latihan selang intensiti tinggi  ",骑自行车，高强度间歇训练,Đạp xe cường độ cao theo chu kỳ
Conditioning Exercise,Senaman Kondisioning,体能训练,Bài tập thể lực,2000,7.3,"Aerobic, general","Aerobik, umum  ",有氧运动，一般,"Thể dục nhịp điệu, chung"
Conditioning Exercise,Senaman Kondisioning,体能训练,Bài tập thể lực,2001,5.5,"Aerobic, step, with 4-inch step","Aerobik, step, dengan step setinggi 4 inci  ",有氧操，踏板，4英寸踏板,"Thể dục nhịp điệu bước, với bục 4 inch"
Conditioning Exercise,Senaman Kondisioning,体能训练,Bài tập thể lực,2002,7.3,"Aerobic, step, with 6 – 8 inch step","Aerobik, step, dengan step 6–8 inci  ",有氧操，踏板，6-8英寸踏板,"Thể dục nhịp điệu bước, với bục 6 – 8 inch"
Conditioning Exercise,Senaman Kondisioning,体能训练,Bài tập thể lực,2003,9,"Aerobic, step, with 10 – 12 inch step","Aerobik, step, dengan step 10–12 inci  ",有氧操，踏板，10-12英寸踏板,"Thể dục nhịp điệu bước, với bục 10 – 12 inch"
Conditioning Exercise,Senaman Kondisioning,体能训练,Bài tập thể lực,2004,7.8,"Bench step class, general","Kelas bench step, umum  ",踏板操课程，一般,"Lớp bước bục, chung"
Conditioning Exercise,Senaman Kondisioning,体能训练,Bài tập thể lực,2005,4.8,"Aerobic dance, low impact, moderate effort","Tarian aerobik, impak rendah, usaha sederhana  ",有氧舞蹈，低冲击，中度用力,"Nhảy aerobic, tác động thấp, nỗ lực vừa phải"
Conditioning Exercise,Senaman Kondisioning,体能训练,Bài tập thể lực,2006,8,"Aerobic dance, high impact, vigorous effort","Tarian aerobik, impak tinggi, usaha tenaga tinggi  ",有氧舞蹈，高冲击，剧烈用力,"Nhảy aerobic, tác động cao, nỗ lực mạnh"
Conditioning Exercise,Senaman Kondisioning,体能训练,Bài tập thể lực,2007,10,Aerobic dance wearing 10-15 lb weights,Tarian aerobik sambil memakai beban 10–15 lb,有氧舞蹈，穿着10-15磅负重,Nhảy aerobic mang tạ 10-15 lb
Conditioning Exercise,Senaman Kondisioning,体能训练,Bài tập thể lực,2008,5,"Army type obstacle course exercise, boot camp training program","Latihan halangan ala tentera, program boot camp  ",军队障碍课程训练，训练营计划,"Bài tập vượt chướng ngại kiểu quân đội, chương trình huấn luyện boot camp"
Conditioning Exercise,Senaman Kondisioning,体能训练,Bài tập thể lực,2020,7.5,"Calisthenics (e.g., pushups, sit ups, pull-ups, jumping jacks, burpees, battling ropes), vigorous effort","Calisthenics (contoh: push-up, sit-up, pull-up, jumping jack, burpee, battling ropes), usaha tenaga tinggi  ",徒手健身（如俯卧撑、仰卧起坐、引体向上、开合跳、波比跳、战绳），剧烈用力,"Thể dục dụng cụ (ví dụ: hít đất, gập bụng, kéo xà, nhảy bật, burpee, dây chiến đấu), nỗ lực mạnh"
Conditioning Exercise,Senaman Kondisioning,体能训练,Bài tập thể lực,2022,3.8,"Calisthenics (e.g., pushups, sit ups, pull-ups, lunges), moderate effort","Calisthenics (contoh: push-up, sit-up, pull-up, lunges), usaha sederhana  ",徒手健身（如俯卧撑、仰卧起坐、引体向上、弓步），中度用力,"Thể dục dụng cụ (ví dụ: hít đất, gập bụng, kéo xà, bước tấn), nỗ lực vừa"
Conditioning Exercise,Senaman Kondisioning,体能训练,Bài tập thể lực,2024,2.8,"Calisthenics (e.g., curl ups, abdominal crunches, plank),  light effort","Calisthenics (contoh: curl-up, crunch perut, plank), usaha ringan  ",徒手健身（如卷腹、腹部收缩、平板支撑），轻度用力,"Thể dục dụng cụ (ví dụ: gập bụng, plank), nỗ lực nhẹ"
Conditioning Exercise,Senaman Kondisioning,体能训练,Bài tập thể lực,2030,3.5,"Calisthenics, light or moderate effort, general (e.g., back exercises), going up & down from floor (Taylor Code 150)","Calisthenics, usaha ringan atau sederhana, umum (contoh: senaman belakang), turun naik lantai (Kod Taylor 150)  ",徒手健身，轻度或中度，一般（如背部锻炼），上下地面（Taylor代码150）,"Thể dục dụng cụ, nỗ lực nhẹ hoặc vừa, chung (ví dụ: bài tập lưng), lên xuống sàn (Mã Taylor 150)"
Conditioning Exercise,Senaman Kondisioning,体能训练,Bài tập thể lực,2032,6,"Circuit training, body weight exercises","Latihan litar, senaman berat badan  ",循环训练，徒手锻炼,"Tập luyện theo vòng, bài tập trọng lượng cơ thể"
Conditioning Exercise,Senaman Kondisioning,体能训练,Bài tập thể lực,2034,3.5,"Circuit training, light effort","Latihan litar, usaha ringan  ",循环训练，轻度,"Tập luyện theo vòng, nỗ lực nhẹ"
Conditioning Exercise,Senaman Kondisioning,体能训练,Bài tập thể lực,2035,5,"Circuit training, moderate effort","Latihan litar, usaha sederhana  ",循环训练，中度,"Tập luyện theo vòng, nỗ lực vừa"
Conditioning Exercise,Senaman Kondisioning,体能训练,Bài tập thể lực,2040,7.5,"Circuit training, including kettlebells, some aerobic movement with minimal rest, general, vigorous intensity","Latihan litar, termasuk kettlebells, pergerakan aerobik sedikit, rehat minima, umum, intensiti tenaga tinggi  ",循环训练，包括壶铃，带一些有氧运动，休息最少，一般，剧烈强度,"Tập luyện theo vòng, bao gồm tạ kettlebell, một số chuyển động aerobic với ít thời gian nghỉ, chung, cường độ mạnh"
Conditioning Exercise,Senaman Kondisioning,体能训练,Bài tập thể lực,2045,3.5,Curves™ exercise routines in women,Rutin senaman Curves™ untuk wanita,Curves™女性健身训练,Bài tập Curves™ dành cho phụ nữ
Conditioning Exercise,Senaman Kondisioning,体能训练,Bài tập thể lực,2048,5,"Elliptical trainer, moderate effort","Mesin elips, usaha sederhana  ",椭圆机，中度用力,"Máy tập elliptical, nỗ lực vừa"
Conditioning Exercise,Senaman Kondisioning,体能训练,Bài tập thể lực,2049,9,"Elliptical trainer, vigorous effort","Mesin elips, usaha tenaga tinggi  ",椭圆机，剧烈用力,"Máy tập elliptical, nỗ lực mạnh"
Conditioning Exercise,Senaman Kondisioning,体能训练,Bài tập thể lực,2050,6,"Resistance (weight lifting - free weight, nautilus or universal-type), power lifting or body building, vigorous effort (Taylor Code 210)","Latihan rintangan (angkat berat bebas, nautilus atau universal-type), angkat kuasa atau bina badan, usaha tenaga tinggi (Kod Taylor 210)  ",阻力训练（举重—自由重量、器械），力量举或健美，剧烈用力（Taylor代码210）,"Tập tạ (nâng tạ tự do, máy nautilus hoặc universal), nâng sức mạnh hoặc thể hình, nỗ lực mạnh (Mã Taylor 210)"
Conditioning Exercise,Senaman Kondisioning,体能训练,Bài tập thể lực,2052,5,"Resistance (weight) training, squats, deadlift, slow or explosive effort","Latihan rintangan (berat), squats, deadlift, usaha perlahan atau letupan  ",阻力训练（举重），深蹲、硬拉，缓慢或爆发性用力,"Tập tạ, squat, deadlift, nỗ lực chậm hoặc bùng nổ"
Conditioning Exercise,Senaman Kondisioning,体能训练,Bài tập thể lực,2054,3.5,"Resistance (weight) training, multiple exercises, 8-15 reps at varied resistance","Latihan rintangan (berat), pelbagai senaman, 8–15 ulangan pada rintangan berbeza  ",阻力训练，多种动作，每组8-15次，阻力变化,"Tập tạ, nhiều bài tập, 8-15 lần với kháng lực khác nhau"
Conditioning Exercise,Senaman Kondisioning,体能训练,Bài tập thể lực,2055,5.8,"Resistance Training, circuit, reciprocol supersets, peripheral hear action training","Latihan rintangan, litar, superset resiprok, latihan tindakan jantung periferi  ",阻力训练，循环，交替超组，外周心脏作用训练,"Tập luyện đối kháng, siêu vòng lặp, huấn luyện nhịp tim ngoại biên"
Conditioning Exercise,Senaman Kondisioning,体能训练,Bài tập thể lực,2056,3,"Body weight resistance exercises (e.g., squat, lunge, push-up, crunch), general","Senaman berat badan (contoh: squat, lunge, push-up, crunch), umum  ",自身体重训练（如深蹲、弓步、俯卧撑、卷腹），一般,"Bài tập kháng lực bằng trọng lượng cơ thể (ví dụ: squat, lunge, hít đất, gập bụng), chung"
Conditioning Exercise,Senaman Kondisioning,体能训练,Bài tập thể lực,2057,6.5,"Body weight resistance exercises (e.g., squat, lunge, push-up, crunch), high intensity","Senaman berat badan (contoh: squat, lunge, push-up, crunch), intensiti tinggi  ",自身体重训练（如深蹲、弓步、俯卧撑、卷腹），高强度,"Bài tập kháng lực bằng trọng lượng cơ thể (ví dụ: squat, lunge, hít đất, gập bụng), cường độ cao"
Conditioning Exercise,Senaman Kondisioning,体能训练,Bài tập thể lực,2058,9.8,Kettle bell swings,Ayunan kettlebell,壶铃摆动,Vung tạ kettlebell
Conditioning Exercise,Senaman Kondisioning,体能训练,Bài tập thể lực,2060,5.5,"Health club exercise, general (Taylor Code 160)","Senaman gim kesihatan, umum (Kod Taylor 160)  ",健身房锻炼，一般（Taylor代码160）,"Bài tập câu lạc bộ sức khỏe, chung (Mã Taylor 160)"
Conditioning Exercise,Senaman Kondisioning,体能训练,Bài tập thể lực,2061,5,"Health club exercise classes general, gym/weight training combined in one visit","Kelas senaman gim/gim, gabungan latihan kekuatan dalam satu sesi  ",健身房课程，一般，健身/举重结合,"Các lớp tập câu lạc bộ sức khỏe chung, kết hợp tập gym/tạ trong một buổi"
Conditioning Exercise,Senaman Kondisioning,体能训练,Bài tập thể lực,2062,7.8,"Health club exercise, conditioning classes","Kelas kecergasan gim, kelas kondisioning  ",健身房锻炼，体能训练课程,"Bài tập câu lạc bộ sức khỏe, lớp điều kiện thể chất"
Conditioning Exercise,Senaman Kondisioning,体能训练,Bài tập thể lực,2064,3.8,"Home exercise, general","Senaman di rumah, umum  ",家庭锻炼，一般,"Tập thể dục tại nhà, chung"
Conditioning Exercise,Senaman Kondisioning,体能训练,Bài tập thể lực,2065,9.3,"Stair treadmill ergometer, general","Treadmill tangga ergometer, umum  ",楼梯跑步机，一般,"Máy chạy bộ bậc thang, chung"
Conditioning Exercise,Senaman Kondisioning,体能训练,Bài tập thể lực,2068,11,"Rope skipping exercise, general","Rope skipping exercise, general | Latihan lompat tali, umum",跳绳运动，一般,"Nhảy dây thể dục, chung"
Conditioning Exercise,Senaman Kondisioning,体能训练,Bài tập thể lực,2069,9,"Jumping rope, Digi-Jump Maching, 120 jumps/minute","Jumping rope, Digi-Jump Machine, 120 jumps/minute | Lompat tali, Mesin Digi-Jump, 120 lompatan/minit",跳绳，Digi-Jump 机器，每分钟 120 次,"Nhảy dây, máy Digi-Jump, 120 lần/phút"
Conditioning Exercise,Senaman Kondisioning,体能训练,Bài tập thể lực,2070,7.3,"Rowing, stationary ergometer, general, vigorous effort","Rowing, stationary ergometer, general, vigorous effort | Mendayung, ergometer pegun, umum, usaha kuat",划船，固定划船器，一般，剧烈强度,"Chèo thuyền, máy chèo cố định, chung, cường độ mạnh"
Conditioning Exercise,Senaman Kondisioning,体能训练,Bài tập thể lực,2071,5,"Rowing, stationary ergometer, general, <100 watts,  moderate effort","Rowing, stationary ergometer, general, <100 watts, moderate effort | Mendayung, ergometer pegun, umum, <100 watt, usaha sederhana",划船，固定划船器，一般，<100 瓦，中等强度,"Chèo thuyền, máy chèo cố định, chung, <100 watt, cường độ vừa"
Conditioning Exercise,Senaman Kondisioning,体能训练,Bài tập thể lực,2072,7.5,"Rowing, stationary, 100 to 149 watts, vigorous effort","Rowing, stationary, 100 to 149 watts, vigorous effort | Mendayung, pegun, 100 hingga 149 watt, usaha kuat",划船，固定划船器，100 至 149 瓦，剧烈强度,"Chèo thuyền, máy chèo cố định, 100 đến 149 watt, cường độ mạnh"
Conditioning Exercise,Senaman Kondisioning,体能训练,Bài tập thể lực,2073,11,"Rowing, stationary, 150 to 199 watts, vigorous effort","Rowing, stationary, 150 to 199 watts, vigorous effort | Mendayung, pegun, 150 hingga 199 watt, usaha kuat",划船，固定划船器，150 至 199 瓦，剧烈强度,"Chèo thuyền, máy chèo cố định, 150 đến 199 watt, cường độ mạnh"
Conditioning Exercise,Senaman Kondisioning,体能训练,Bài tập thể lực,2074,14,"Rowing, stationary, ≥ 200 watts, very vigorous effort","Rowing, stationary, ≥ 200 watts, very vigorous effort | Mendayung, pegun, ≥ 200 watt, usaha sangat kuat",划船，固定划船器，≥200 瓦，非常剧烈强度,"Chèo thuyền, máy chèo cố định, ≥200 watt, cường độ rất mạnh"
Conditioning Exercise,Senaman Kondisioning,体能训练,Bài tập thể lực,2078,11,"Shuttle running, forward/backward/lateral","Shuttle running, forward/backward/lateral | Larian ulang-alik, ke depan/belakang/sisi",往返跑，前后/侧向,"Chạy shuttle, tiến/lùi/ngang"
Conditioning Exercise,Senaman Kondisioning,体能训练,Bài tập thể lực,2080,6.8,"Ski machine, general","Ski machine, general | Mesin ski, umum",滑雪机，一般,"Máy trượt tuyết, chung"
Conditioning Exercise,Senaman Kondisioning,体能训练,Bài tập thể lực,2082,10.5,"Ski ergometer, cross country, double poling, slow to moderate speed","Ski ergometer, cross country, double poling, slow to moderate speed | Ergometer ski, merentas desa, tolakan berganda, kelajuan perlahan ke sederhana",滑雪测功仪，越野，双杆推动，慢速到中速,"Máy đo công suất trượt tuyết, trượt băng đồng, đẩy hai tay, tốc độ chậm đến vừa"
Conditioning Exercise,Senaman Kondisioning,体能训练,Bài tập thể lực,2084,18,"Ski ergometer, cross country, double poling, fast to maximum speed","Ski ergometer, cross country, double poling, fast to maximum speed | Ergometer ski, merentas desa, tolakan berganda, kelajuan pantas hingga maksimum",滑雪测功仪，越野，双杆推动，快速到极限速度,"Máy đo công suất trượt tuyết, trượt băng đồng, đẩy hai tay, tốc độ nhanh đến tối đa"
Conditioning Exercise,Senaman Kondisioning,体能训练,Bài tập thể lực,2085,10.5,"Slide board exercise, general","Slide board exercise, general | Senaman papan gelongsor, umum",滑板运动，一般,"Tấm trượt tập luyện, chung"
Conditioning Exercise,Senaman Kondisioning,体能训练,Bài tập thể lực,2090,6,"Slimnastics, jazzercise","Slimnastics, jazzercise | Slimnastik, jazzercise",Slimnastics，爵士健身操,"Slimnastics, thể dục nhịp điệu jazz"
Conditioning Exercise,Senaman Kondisioning,体能训练,Bài tập thể lực,2101,2.3,"Stretching, mild","Stretching, mild | Regangan, ringan",拉伸运动，轻度,"Duỗi cơ, nhẹ"
Conditioning Exercise,Senaman Kondisioning,体能训练,Bài tập thể lực,2103,1.8,"Pilates, traditional, mat","Pilates, traditional, mat | Pilates, tradisional, tikar",普拉提，传统，垫上,"Pilates, truyền thống, thảm"
Conditioning Exercise,Senaman Kondisioning,体能训练,Bài tập thể lực,2105,2.8,"Pilates, general","Pilates, general | Pilates, umum",普拉提，一般,"Pilates, chung"
Conditioning Exercise,Senaman Kondisioning,体能训练,Bài tập thể lực,2107,8.5,"Pound, combination of Pilates and body movements with drumming","Pound, combination of Pilates and body movements with drumming | Pound, gabungan Pilates dan pergerakan badan dengan ketukan dram",Pound，结合普拉提和鼓击的身体运动,"Pound, kết hợp Pilates và chuyển động cơ thể với đánh trống"
Conditioning Exercise,Senaman Kondisioning,体能训练,Bài tập thể lực,2108,4.5,"Pole dancing, exercise class","Pole dancing, exercise class | Tarian tiang, kelas senaman",钢管舞，健身课程,"Múa cột, lớp tập thể dục"
Conditioning Exercise,Senaman Kondisioning,体能训练,Bài tập thể lực,2110,6.8,"Teaching exercise classes (e.g., aerobic, water)","Teaching exercise classes (e.g., aerobic, water) | Mengajar kelas senaman (cth., aerobik, air)",教授健身课程（如有氧操、水中健身）,"Dạy các lớp tập thể dục (ví dụ: aerobic, thể dục dưới nước)"
Conditioning Exercise,Senaman Kondisioning,体能训练,Bài tập thể lực,2112,2.8,"Therapeutic exercise ball, Fitball exercise","Therapeutic exercise ball, Fitball exercise | Bola senaman terapeutik, senaman Fitball",康复健身球，Fitball 练习,"Bóng tập phục hồi, bài tập Fitball"
Conditioning Exercise,Senaman Kondisioning,体能训练,Bài tập thể lực,2114,9.5,"Therapeutic exercise ball, Fitball exercise, high intensity","Therapeutic exercise ball, Fitball exercise, high intensity | Bola senaman terapeutik, senaman Fitball, intensiti tinggi",康复健身球，Fitball 练习，高强度,"Bóng tập phục hồi, bài tập Fitball, cường độ cao"
Conditioning Exercise,Senaman Kondisioning,体能训练,Bài tập thể lực,2115,2.8,"Upper body exercise, arm ergometer, general, light","Upper body exercise, arm ergometer, general, light | Senaman bahagian atas badan, ergometer lengan, umum, ringan",上肢锻炼，手臂测功仪，一般，轻度,"Bài tập phần trên cơ thể, xe đạp tay ergometer, chung, nhẹ"
Conditioning Exercise,Senaman Kondisioning,体能训练,Bài tập thể lực,2116,2,"Arm Ergometer, hand bike, 15W","Arm Ergometer, hand bike, 15W | Ergometer lengan, basikal tangan, 15W",手臂测功仪，手动自行车，15 瓦,"Xe đạp tay ergometer, xe đạp tay, 15W"
Conditioning Exercise,Senaman Kondisioning,体能训练,Bài tập thể lực,2117,2.8,"Arm Ergometer, hand bike, 25-30W","Arm Ergometer, hand bike, 25-30W | Ergometer lengan, basikal tangan, 25-30W",手臂测功仪，手动自行车，25-30 瓦,"Xe đạp tay ergometer, xe đạp tay, 25-30W"
Conditioning Exercise,Senaman Kondisioning,体能训练,Bài tập thể lực,2118,3.5,"Arm Ergometer, hand bike, 45W","Arm Ergometer, hand bike, 45W | Ergometer lengan, basikal tangan, 45W",手臂测功仪，手动自行车，45 瓦,"Xe đạp tay ergometer, xe đạp tay, 45W"
Conditioning Exercise,Senaman Kondisioning,体能训练,Bài tập thể lực,2119,4.3,"Upper body exercise, stationary bicycle - Airdyne (arms only) 40 rpm, moderate intensity","Upper body exercise, stationary bicycle - Airdyne (arms only) 40 rpm, moderate intensity | Senaman bahagian atas badan, basikal pegun - Airdyne (lengan sahaja) 40 rpm, intensiti sederhana",上肢锻炼，固定自行车 - Airdyne（仅手臂）40 转/分钟，中等强度,"Bài tập phần trên cơ thể, xe đạp cố định - Airdyne (chỉ tay) 40 vòng/phút, cường độ vừa"
Conditioning Exercise,Senaman Kondisioning,体能训练,Bài tập thể lực,2120,5.3,"Water aerobics, water calisthenics, water exercise","Water aerobics, water calisthenics, water exercise | Aerobik air, kalistenik air, senaman air",水中有氧运动，水中徒手操，水中锻炼,"Thể dục nhịp điệu dưới nước, bài tập dưới nước, tập luyện dưới nước"
Conditioning Exercise,Senaman Kondisioning,体能训练,Bài tập thể lực,2135,1.3,"Whirlpool, sitting","Whirlpool, sitting | Kolam pusaran, duduk",漩涡浴，坐姿,"Bồn xoáy nước, ngồi"
Conditioning Exercise,Senaman Kondisioning,体能训练,Bài tập thể lực,2140,2.5,"Video, exercise workouts, TV conditioning programs (e.g., yoga, stretching, seated), light effort","Video, exercise workouts, TV conditioning programs (e.g., yoga, stretching, seated), light effort | Video, senaman, program TV (cth., yoga, regangan, duduk), usaha ringan",视频，锻炼，电视健身节目（如瑜伽、拉伸、坐姿），轻度,"Video, bài tập luyện, chương trình thể dục trên TV (ví dụ: yoga, duỗi cơ, ngồi), cường độ nhẹ"
Conditioning Exercise,Senaman Kondisioning,体能训练,Bài tập thể lực,2143,4,"Video, exercise workouts, TV conditioning programs (e.g., cardio-resistance training), moderate","Video, exercise workouts, TV conditioning programs (e.g., cardio-resistance training), moderate | Video, senaman, program TV (cth., latihan kardio-rintangan), sederhana",视频，锻炼，电视健身节目（如心肺阻力训练），中等强度,"Video, bài tập luyện, chương trình thể dục trên TV (ví dụ: tập kháng lực tim mạch), cường độ vừa"
Conditioning Exercise,Senaman Kondisioning,体能训练,Bài tập thể lực,2145,6,"Video, exercise workouts, TV conditioning programs (e.g., cardio-resistance training), vigorous","Video, exercise workouts, TV conditioning programs (e.g., cardio-resistance training), vigorous | Video, senaman, program TV (cth., latihan kardio-rintangan), kuat",视频，锻炼，电视健身节目（如心肺阻力训练），剧烈强度,"Video, bài tập luyện, chương trình thể dục trên TV (ví dụ: tập kháng lực tim mạch), cường độ mạnh"
Conditioning Exercise,Senaman Kondisioning,体能训练,Bài tập thể lực,2150,2.3,"Yoga, Hatha","Yoga, Hatha | Yoga, Hatha",瑜伽，哈他瑜伽,"Yoga, Hatha"
Conditioning Exercise,Senaman Kondisioning,体能训练,Bài tập thể lực,2153,8,"Yoga, Hatha, high intensity","Yoga, Hatha, high intensity | Yoga, Hatha, intensiti tinggi",瑜伽，哈他瑜伽，高强度,"Yoga, Hatha, cường độ cao"
Conditioning Exercise,Senaman Kondisioning,体能训练,Bài tập thể lực,2155,3,"Yoga, Hot","Yoga, Hot | Yoga, Panas",瑜伽，热瑜伽,"Yoga, nóng"
Conditioning Exercise,Senaman Kondisioning,体能训练,Bài tập thể lực,2160,4,"Yoga, Power","Yoga, Power | Yoga, Power",瑜伽，力量瑜伽,"Yoga, Power"
Conditioning Exercise,Senaman Kondisioning,体能训练,Bài tập thể lực,2170,2,"Yoga, Nadisodhana","Yoga, Nadisodhana | Yoga, Nadisodhana",瑜伽，纳迪梭哈那,"Yoga, Nadisodhana"
Conditioning Exercise,Senaman Kondisioning,体能训练,Bài tập thể lực,2175,2.3,"Yoga, General","Yoga, General | Yoga, Umum",瑜伽，一般,"Yoga, chung"
Conditioning Exercise,Senaman Kondisioning,体能训练,Bài tập thể lực,2180,3.5,"Yoga, Surya Namaskar","Yoga, Surya Namaskar | Yoga, Surya Namaskar",瑜伽，拜日式,"Yoga, Surya Namaskar"
Conditioning Exercise,Senaman Kondisioning,体能训练,Bài tập thể lực,2185,2.7,"Yoga, Vinyasa","Yoga, Vinyasa | Yoga, Vinyasa",瑜伽，流瑜伽（Vinyasa）,"Yoga, Vinyasa"
Conditioning Exercise,Senaman Kondisioning,体能训练,Bài tập thể lực,2200,5.3,"Native New Zealander PA, (e.g., Haka Powhiri, Poi, Moteatea, etc.), general moderate effort","Native New Zealander PA, (e.g., Haka Powhiri, Poi, Moteatea, etc.), general moderate effort | Aktiviti fizikal penduduk asli New Zealand (cth., Haka Powhiri, Poi, Moteatea, dll.), usaha sederhana",新西兰毛利人传统体育活动（如 Haka Powhiri、Poi、Moteatea 等），一般中等强度,"Hoạt động thể chất truyền thống của người New Zealand (ví dụ: Haka Powhiri, Poi, Moteatea, v.v.), cường độ vừa"
Conditioning Exercise,Senaman Kondisioning,体能训练,Bài tập thể lực,2205,6.8,"Native New Zealander PA, general, vigorous effort","Native New Zealander PA, general, vigorous effort | Aktiviti fizikal penduduk asli New Zealand, umum, usaha kuat",新西兰毛利人传统体育活动，一般，剧烈强度,"Hoạt động thể chất truyền thống của người New Zealand, chung, cường độ mạnh"
Conditioning Exercise,Senaman Kondisioning,体能训练,Bài tập thể lực,2210,7,"High intensity interval exercise,  moderate effort","High intensity interval exercise, moderate effort | Senaman selang intensiti tinggi, usaha sederhana",高强度间歇锻炼，中等强度,"Bài tập cường độ cao ngắt quãng, cường độ vừa"
Conditioning Exercise,Senaman Kondisioning,体能训练,Bài tập thể lực,2214,11,"High intensity interval exercise,  burpees, mountain climbers, squat jumps, Tabata, vigorous effort","High intensity interval exercise, burpees, mountain climbers, squat jumps, Tabata, vigorous effort | Senaman selang intensiti tinggi, burpees, pendaki gunung, lompatan squat, Tabata, usaha kuat",高强度间歇锻炼，波比跳、登山跑、深蹲跳、Tabata，剧烈强度,"Bài tập cường độ cao ngắt quãng, burpee, leo núi, nhảy squat, Tabata, cường độ mạnh"
Conditioning Exercise,Senaman Kondisioning,体能训练,Bài tập thể lực,2225,2.3,"Balance Exercise Assist Robot (BEAR), simulated skiing, tennis, rodeo","Balance Exercise Assist Robot (BEAR), simulated skiing, tennis, rodeo | Robot Bantu Senaman Keseimbangan (BEAR), simulasi ski, tenis, rodeo",平衡锻炼辅助机器人（BEAR），模拟滑雪、网球、牛仔竞技,"Robot hỗ trợ bài tập thăng bằng (BEAR), mô phỏng trượt tuyết, tennis, cưỡi bò"
Conditioning Exercise,Senaman Kondisioning,体能训练,Bài tập thể lực,2230,5.8,Hooping (formerly known as hula® hooping),Hooping (formerly known as hula® hooping) | Hooping (dahulunya dikenali sebagai hula hoop),呼啦圈运动（原称 hula® hooping）,Lắc vòng (trước đây gọi là hula® hooping)
Conditioning Exercise,Senaman Kondisioning,体能训练,Bài tập thể lực,2240,9,"Impulse Training System, Inertial Exercise Trainer","Impulse Training System, Inertial Exercise Trainer | Sistem Latihan Impuls, Jurulatih Senaman Inersia",冲击训练系统，惯性训练器,"Hệ thống đào tạo xung lực, máy tập quán tính"
Conditioning Exercise,Senaman Kondisioning,体能训练,Bài tập thể lực,2280,7.9,"Virtual Reality Fitness,  Supernatural™ “Flow”, “Boxing"" vigorous intensity","Virtual Reality Fitness, Supernatural™ “Flow”, “Boxing"" vigorous intensity | Kecergasan Realiti Maya, Supernatural™ “Flow”, “Boxing”, intensiti tinggi",虚拟现实健身，Supernatural™ “Flow”、“Boxing” 剧烈强度,"Tập thể dục thực tế ảo, Supernatural™ “Flow”, “Boxing” cường độ mạnh"
Conditioning Exercise,Senaman Kondisioning,体能训练,Bài tập thể lực,2284,9.3,"ExerCube, workout series","ExerCube, workout series | ExerCube, siri senaman",ExerCube，锻炼系列,"ExerCube, chuỗi bài tập"
Conditioning Exercise,Senaman Kondisioning,体能训练,Bài tập thể lực,2288,13,"Blackbox Immersive virtual reality exergaming system, vigorous intensity","Blackbox Immersive virtual reality exergaming system, vigorous intensity | Sistem permainan senaman realiti maya Blackbox, intensiti tinggi",Blackbox 沉浸式虚拟现实健身系统，剧烈强度,"Hệ thống tập thể dục thực tế ảo Blackbox, cường độ mạnh"
Conditioning Exercise,Senaman Kondisioning,体能训练,Bài tập thể lực,2300,3,"Wand exercise, Life-Build-Line","Wand exercise, Life-Build-Line | Senaman tongkat, Life-Build-Line",棒操，Life-Build-Line,"Bài tập với gậy, Life-Build-Line"
Conditioning Exercise,Senaman Kondisioning,体能训练,Bài tập thể lực,2310,6.5,"Zumba, group class","Zumba, group class | Zumba, kelas berkumpulan",尊巴，团体课程,"Zumba, lớp học nhóm"
Conditioning Exercise,Senaman Kondisioning,体能训练,Bài tập thể lực,2315,5.5,"Zumba, home video","Zumba, home video | Zumba, video rumah",尊巴，家庭视频,"Zumba, video tại nhà"
Conditioning Exercise,Senaman Kondisioning,体能训练,Bài tập thể lực,2340,2.8,"Sit to stand exercise, 6-12 times/min","Sit to stand exercise, 6-12 times/min | Senaman duduk ke berdiri, 6-12 kali/minit",坐立交替锻炼，6-12 次/分钟,"Bài tập đứng lên ngồi xuống, 6-12 lần/phút"
Conditioning Exercise,Senaman Kondisioning,体能训练,Bài tập thể lực,2344,4,"Sit to stand exercise, 18-24 times/min","Sit to stand exercise, 18-24 times/min | Senaman duduk ke berdiri, 18-24 kali/minit",坐立交替锻炼，18-24 次/分钟,"Bài tập đứng lên ngồi xuống, 18-24 lần/phút"
Dancing,Menari,跳舞,Khiêu vũ,3005,6,"Afro-Cuban salsa (Cuban cha-cha-cha, mambo, Afro rumba, contratiempo son steps, orisha/santo movements)","Afro-Cuban salsa (Cuban cha-cha-cha, mambo, Afro rumba, contratiempo son steps, orisha/santo movements) | Salsa Afro-Cuba (cha-cha-cha Cuba, mambo, rumba Afro, langkah contratiempo son, gerakan orisha/santo)",非洲-古巴萨尔萨（古巴恰恰、曼波、非洲伦巴、Contratiempo son 步伐、orisha/santo 动作）,"Salsa Afro-Cuba (cha-cha-cha Cuba, mambo, rumba Afro, bước contratiempo son, động tác orisha/santo)"
Dancing,Menari,跳舞,Khiêu vũ,3010,5,"Ballet, modern, or jazz general, rehearsal or class","Ballet, modern, or jazz general, rehearsal or class | Balet, moden, atau jazz, umum, latihan atau kelas",芭蕾、现代舞或爵士舞，一般，排练或课程,"Ballet, hiện đại hoặc jazz, chung, tập luyện hoặc lớp học"
Dancing,Menari,跳舞,Khiêu vũ,3011,6.3,"Ballet exercises (plie, tendus, jetes, rond de Jambes, fondus, grand battement, grand adage, sautes, temp Leve's)","Ballet exercises (plie, tendus, jetes, rond de Jambes, fondus, grand battement, grand adage, sautes, temp Leve's) | Latihan balet (plie, tendus, jetes, rond de Jambes, fondus, grand battement, grand adage, sautes, temp Leve's)",芭蕾动作（屈膝、伸展、跳跃、绕腿、屈伸、大踢腿、大慢板、弹跳、轻跳）,"Bài tập ballet (plié, tendus, jetés, rond de jambés, fondus, grand battement, grand adage, sautés, temps levé)"
Dancing,Menari,跳舞,Khiêu vũ,3012,6.8,"Ballet, modern, or jazz, performance, vigorous effort","Ballet, modern, or jazz, performance, vigorous effort | Balet, moden, atau jazz, persembahan, usaha kuat",芭蕾、现代舞或爵士舞，表演，剧烈强度,"Ballet, hiện đại hoặc jazz, biểu diễn, cường độ mạnh"
Dancing,Menari,跳舞,Khiêu vũ,3014,4.8,Tap,Tap | Tap,踢踏舞,Tap dance
Dancing,Menari,跳舞,Khiêu vũ,3025,4.5,"Ethnic or cultural dancing (e.g. Greek, Middle Eastern, hula, salsa, merengue, bamba y plena,  flamenco, belly, and swing)","Ethnic or cultural dancing (e.g. Greek, Middle Eastern, hula, salsa, merengue, bamba y plena, flamenco, belly, and swing) | Tarian etnik atau budaya (cth., Yunani, Timur Tengah, hula, salsa, merengue, bamba y plena, flamenco, belly, dan swing)",民族或文化舞蹈（如希腊、中东、呼啦、萨尔萨、梅伦格、bamba y plena、弗拉门戈、肚皮舞、摇摆舞）,"Nhảy múa dân tộc hoặc văn hóa (ví dụ: Hy Lạp, Trung Đông, hula, salsa, merengue, bamba y plena, flamenco, belly dance, swing)"
Dancing,Menari,跳舞,Khiêu vũ,3028,5.5,"Chinese square dance, Ballet & Tibetan dance","Tarian persegi Cina, Ballet & Tarian Tibet",广场舞，芭蕾舞与藏族舞,"Múa quảng trường Trung Quốc, múa ba lê & múa Tây Tạng"
Dancing,Menari,跳舞,Khiêu vũ,3029,7.3,"Chinese square dance, aerobic dance","Tarian persegi Cina, tarian aerobik",广场舞，有氧舞蹈,"Múa quảng trường Trung Quốc, múa thể dục nhịp điệu"
Dancing,Menari,跳舞,Khiêu vũ,3030,5.5,"Ballroom dancing, fast (Taylor Code 125)","Tarian ballroom, laju (Kod Taylor 125)",交谊舞，快速（Taylor Code 125）,"Múa khiêu vũ, nhanh (Taylor Code 125)"
Dancing,Menari,跳舞,Khiêu vũ,3031,9.8,"Nightclub or folk dancing, vigorous effort (e.g., nightclub, disco, folk, line dancing, Irish step dancing, polka, contra)","Tarian kelab malam atau tradisional, usaha kuat (contoh: kelab malam, disko, tradisional, tarian berbaris, tarian langkah Ireland, polka, contra)",夜店或民间舞蹈，剧烈强度（如夜店、迪斯科、民间舞、排舞、爱尔兰踢踏舞、波尔卡、康特拉舞）,"Khiêu vũ câu lạc bộ đêm hoặc múa dân gian, gắng sức mạnh (ví dụ: nightclub, disco, múa dân gian, line dancing, Irish step, polka, contra)"
Dancing,Menari,跳舞,Khiêu vũ,3033,5,"Folk dancing, moderate effort","Tarian tradisional, usaha sederhana",民间舞蹈，中等强度,"Múa dân gian, gắng sức vừa phải"
Dancing,Menari,跳舞,Khiêu vũ,3038,11.3,"Ballroom dancing, competitive, general","Tarian ballroom, kompetitif, am",交谊舞，竞技，一般,"Khiêu vũ, thi đấu, tổng quát"
Dancing,Menari,跳舞,Khiêu vũ,3039,13,"ballroom dance, DanceSport competition (modern waltz, tango, Viennese waltz, slow fox, quick step, samba, chacha, rumba, paso doble, jive)","Tarian ballroom, pertandingan DanceSport (waltz moden, tango, waltz Vienna, slow fox, quick step, samba, chacha, rumba, paso doble, jive)",交谊舞，体育舞蹈比赛（现代华尔兹、探戈、维也纳华尔兹、慢狐步、快步舞、桑巴、恰恰、伦巴、斗牛舞、牛仔舞）,"Khiêu vũ, DanceSport (Valse hiện đại, Tango, Valse Vienna, Foxtrot chậm, Quickstep, Samba, Cha-cha, Rumba, Paso doble, Jive)"
Dancing,Menari,跳舞,Khiêu vũ,3040,3,"Ballroom, slow, examples: waltz, foxtrot, slow dancing, samba tango, rumba, 19th century dance, mambo, cha cha","Ballroom, perlahan, contoh: waltz, foxtrot, tarian perlahan, samba tango, rumba, tarian abad ke-19, mambo, cha cha",交谊舞，缓慢，如：华尔兹、狐步舞、慢舞、桑巴探戈、伦巴、19世纪舞蹈、曼波、恰恰,"Khiêu vũ, chậm, ví dụ: Valse, Foxtrot, khiêu vũ chậm, Samba Tango, Rumba, điệu nhảy thế kỷ 19, Mambo, Cha cha"
Dancing,Menari,跳舞,Khiêu vũ,3042,6,"Ballroom Dance, Recreational (Waltz, Foxtrot, Cha-cha, Swing)","Tarian Ballroom, Rekreasi (Waltz, Foxtrot, Cha-cha, Swing)",交谊舞，娱乐性（华尔兹、狐步舞、恰恰、摇摆舞）,"Khiêu vũ giao lưu, giải trí (Valse, Foxtrot, Cha-cha, Swing)"
Dancing,Menari,跳舞,Khiêu vũ,3050,5.5,"Anishinaabe Jingle dancing, brisk pace, other traditional American Indian dancing performed by women, moderate effort","Tarian Jingle Anishinaabe, langkah pantas, tarian tradisional lain orang Asli Amerika yang dilakukan oleh wanita, usaha sederhana",阿尼什纳贝响铃舞，快速节奏，其他由女性表演的传统美洲印第安舞蹈，中等强度,"Điệu múa Anishinaabe Jingle, nhịp nhanh, các điệu múa truyền thống khác của phụ nữ người Mỹ bản địa, gắng sức vừa phải"
Dancing,Menari,跳舞,Khiêu vũ,3060,3.5,"Caribbean dance (Abakua, Beguine, Bellair, Bongo, Brukin’s, Caribbean Quadrills, Dinki  Mini, Gere, Gumbay, Ibo, Jonkonnu,
Kumina,  Oreisha, Jambu)","Tarian Caribbean (Abakua, Beguine, Bellair, Bongo, Brukin’s, Caribbean Quadrills, Dinki Mini, Gere, Gumbay, Ibo, Jonkonnu, Kumina, Oreisha, Jambu)",加勒比舞蹈（阿巴库阿、贝吉纳、贝莱尔、邦戈、布鲁金斯、加勒比方舞、丁基米尼、格雷、贡贝、伊博、琼科努、库米纳、奥雷沙、占布）,"Múa Caribe (Abakua, Beguine, Bellair, Bongo, Brukin’s, Quadrills Caribe, Dinki Mini, Gere, Gumbay, Ibo, Jonkonnu, Kumina, Oreisha, Jambu)"
Dancing,Menari,跳舞,Khiêu vũ,3070,3.8,"Contemporary dancing, general","Tarian kontemporari, am",现代舞蹈，一般,"Múa đương đại, tổng quát"
Dancing,Menari,跳舞,Khiêu vũ,3072,4.3,"Contemporary dancing, nightclub","Tarian kontemporari, kelab malam",现代舞蹈，夜店,"Múa đương đại, câu lạc bộ đêm"
Dancing,Menari,跳舞,Khiêu vũ,3075,8.5,Flamenco dance,Tarian Flamenco,弗拉门戈舞,Múa Flamenco
Dancing,Menari,跳舞,Khiêu vũ,3078,4.5,"Jazz dancing, general","Tarian Jazz, am",爵士舞，一般,"Múa Jazz, tổng quát"
Dancing,Menari,跳舞,Khiêu vũ,3080,10.3,"Musical Theater, Singing/dancing","Teater Muzikal, Menyanyi/tarian",音乐剧，唱歌/跳舞,"Nhạc kịch, hát/múa"
Dancing,Menari,跳舞,Khiêu vũ,3085,5.8,"Polynesian dance, Hawaiian hula slow, Maori haka, Tongan","Tarian Polynesia, hula Hawaii perlahan, haka Maori, Tongan",波利尼西亚舞，夏威夷草裙舞（慢）、毛利哈卡舞、汤加舞,"Múa Polynesia, Hula Hawaii chậm, Haka Maori, múa Tonga"
Dancing,Menari,跳舞,Khiêu vũ,3086,7,"Polynesian dance, Hawaiian hula fast, Samoan sasa, Fijian style fast, Filipino Tinikling","Tarian Polynesia, hula Hawaii laju, Samoan sasa, gaya Fijian laju, Filipino Tinikling",波利尼西亚舞，夏威夷草裙舞（快）、萨摩亚萨萨舞、斐济快舞、菲律宾竹竿舞,"Múa Polynesia, Hula Hawaii nhanh, Sasa Samoa, múa nhanh Fiji, Tinikling Philippines"
Dancing,Menari,跳舞,Khiêu vũ,3087,8.8,"Polynesian dance, Samoan slap, Tahitian","Tarian Polynesia, Samoan slap, Tahiti",波利尼西亚舞，萨摩亚拍手舞、大溪地舞,"Múa Polynesia, múa vỗ Samoa, Tahiti"
Dancing,Menari,跳舞,Khiêu vũ,3090,4.8,"Salsa Dancing, with partner","Tarian Salsa, bersama pasangan",萨尔萨舞，双人,"Múa Salsa, với bạn nhảy"
Dancing,Menari,跳舞,Khiêu vũ,3091,6.3,"Salsa dancing, to a video","Tarian Salsa, ikut video",萨尔萨舞，视频跟跳,"Múa Salsa, theo video"
Dancing,Menari,跳舞,Khiêu vũ,3093,5.5,"Square Dancing, American Western, country","Tarian Persegi, Amerika Barat, negara",广场舞，美国西部乡村舞,"Múa vuông, kiểu Mỹ phương Tây, đồng quê"
Running,Berlari,跑步,Chạy bộ,12010,6,Jog/walk combination (jogging component of less than 10 minutes) (Taylor Code 180),Gabungan jog/lari (komponen jog kurang dari 10 minit) (Kod Taylor 180),慢跑/步行结合（慢跑成分少于10分钟）（Taylor Code 180）,Chạy bộ/kết hợp đi bộ (phần chạy < 10 phút) (Taylor Code 180)
Running,Berlari,跑步,Chạy bộ,12020,7.5,"Jogging, general, self-selected pace","Jogging, am, kadar sendiri",慢跑，一般，自选速度,"Chạy bộ, tổng quát, tốc độ tự chọn"
Running,Berlari,跑步,Chạy bộ,12025,4.8,"Jogging, in place",Jogging di tempat,原地慢跑,Chạy bộ tại chỗ
Running,Berlari,跑步,Chạy bộ,12026,3.3,Jogging 2.6 to 3.7 mph,Jogging 2.6 hingga 3.7 mph,慢跑，2.6 至 3.7 英里/小时,Chạy bộ 2.6 – 3.7 mph
Running,Berlari,跑步,Chạy bộ,12027,4.5,Jogging on a mini-tramp,Jogging di mini-trampolin,迷你蹦床慢跑,Chạy bộ trên mini-trampoline
Running,Berlari,跑步,Chạy bộ,12028,6.5,"Running, 4 to 4.2 mph (13 min/mile)","Lari, 4 hingga 4.2 mph (13 min/mile)",跑步，4 至 4.2 英里/小时（13 分钟/英里）,Chạy 4 – 4.2 mph (13 phút/dặm)
Running,Berlari,跑步,Chạy bộ,12029,7.8,Running 4.3 to 4.8 mph,Lari 4.3 hingga 4.8 mph,跑步，4.3 至 4.8 英里/小时,Chạy 4.3 – 4.8 mph
Running,Berlari,跑步,Chạy bộ,12030,8.5,"Running, 5.0 to 5.2 mph (12 min/mile)","Lari, 5.0 hingga 5.2 mph (12 min/mile)",跑步，5.0 至 5.2 英里/小时（12 分钟/英里）,Chạy 5.0 – 5.2 mph (12 phút/dặm)
Running,Berlari,跑步,Chạy bộ,12045,9,"Running, 5.5 -5.8 mph","Lari, 5.5 hingga 5.8 mph",跑步，5.5 - 5.8 英里/小时,Chạy 5.5 – 5.8 mph
Running,Berlari,跑步,Chạy bộ,12050,9.3,"Running, 6-6.3 mph (10 min/mile)","Lari, 6-6.3 mph (10 min/mile)",跑步，6 - 6.3 英里/小时（10 分钟/英里）,Chạy 6 – 6.3 mph (10 phút/dặm)
Running,Berlari,跑步,Chạy bộ,12060,10.5,"Running, 6.7 mph (9 min/mile)","Lari, 6.7 mph (9 min/mile)",跑步，6.7 英里/小时（9 分钟/英里）,Chạy 6.7 mph (9 phút/dặm)
Running,Berlari,跑步,Chạy bộ,12070,11,"Running, 7 mph (8.5 min/mile)","Lari, 7 mph (8.5 min/mile)",跑步，7 英里/小时（8.5 分钟/英里）,Chạy 7 mph (8.5 phút/dặm)
Running,Berlari,跑步,Chạy bộ,12080,11.8,"Running, 7.5 mph (8 min/mile)","Lari, 7.5 mph (8 min/mile)",跑步，7.5 英里/小时（8 分钟/英里）,Chạy 7.5 mph (8 phút/dặm)
Running,Berlari,跑步,Chạy bộ,12090,12,"Running, 8 mph (7.5 min/mile)","Lari, 8 mph (7.5 min/mile)",跑步，8 英里/小时（7.5 分钟/英里）,Chạy 8 mph (7.5 phút/dặm)
Running,Berlari,跑步,Chạy bộ,12100,12.5,"Running, 8.6 mph (7 min/mile)","Lari, 8.6 mph (7 min/mile)",跑步，8.6 英里/小时（7 分钟/英里）,Chạy 8.6 mph (7 phút/dặm)
Running,Berlari,跑步,Chạy bộ,12110,13,"Running, 9 mph (6.5 min/mile)","Lari, 9 mph (6.5 min/mile)",跑步，9 英里/小时（6.5 分钟/英里）,Chạy 9 mph (6.5 phút/dặm)
Running,Berlari,跑步,Chạy bộ,12115,14.8,"Running, 9.3 to 9.6 mph","Lari, 9.3 hingga 9.6 mph",跑步，9.3 至 9.6 英里/小时,Chạy 9.3 – 9.6 mph
Running,Berlari,跑步,Chạy bộ,12120,14.8,"Running, 10 mph (6 min/mile)","Lari, 10 mph (6 min/mile)",跑步，10 英里/小时（6 分钟/英里）,Chạy 10 mph (6 phút/dặm)
Running,Berlari,跑步,Chạy bộ,12130,16.8,"Running, 11 mph (5.5 min/mile)","Lari, 11 mph (5.5 min/mile)",跑步，11 英里/小时（5.5 分钟/英里）,Chạy 11 mph (5.5 phút/dặm)
Running,Berlari,跑步,Chạy bộ,12132,18.5,"Running, 12 mph (5.0 min/mile)","Lari, 12 mph (5.0 min/mile)",跑步，12 英里/小时（5 分钟/英里）,Chạy 12 mph (5.0 phút/dặm)
Running,Berlari,跑步,Chạy bộ,12134,19.8,"Running, 13 mph (4.6 min/mile)","Lari, 13 mph (4.6 min/mile)",跑步，13 英里/小时（4.6 分钟/英里）,Chạy 13 mph (4.6 phút/dặm)
Running,Berlari,跑步,Chạy bộ,12135,23,"Running, 14 mph (4.3 min/mile)","Lari, 14 mph (4.3 min/mile)",跑步，14 英里/小时（4.3 分钟/英里）,Chạy 14 mph (4.3 phút/dặm)
Running,Berlari,跑步,Chạy bộ,12140,9.3,"Running, cross country",Lari merentas desa,越野跑,Chạy băng đồng
Running,Berlari,跑步,Chạy bộ,12145,10.5,"Running, self-selected pace","Lari, kadar sendiri",跑步，自选速度,"Chạy, tốc độ tự chọn"
Running,Berlari,跑步,Chạy bộ,12150,8,Running (Taylor Code 200),Lari (Kod Taylor 200),跑步（Taylor Code 200）,Chạy (Taylor Code 200)
Running,Berlari,跑步,Chạy bộ,12170,15,"Running, stairs, up","Lari, menaiki tangga",跑楼梯,Chạy lên cầu thang
Running,Berlari,跑步,Chạy bộ,12180,10,"Running, on a track, team practice","Lari di trek, latihan berpasukan",跑步，跑道上，团队训练,"Chạy, trên đường chạy, tập luyện đội"
Running,Berlari,跑步,Chạy bộ,12184,18,"Running, on track, 500-1500m, competitive","Lari di trek, 500-1500m, kompetitif",跑步，跑道上，500-1500 米，竞技,"Chạy, trên đường chạy, 500–1500m, thi đấu"
Running,Berlari,跑步,Chạy bộ,12186,19.3,"Running, on track, 2000-3000m, competitive","Lari di trek, 2000-3000m, kompetitif",跑步，跑道上，2000-3000 米，竞技,"Chạy, trên đường chạy, 2000–3000m, thi đấu"
Running,Berlari,跑步,Chạy bộ,12190,8,"Running, training, pushing a wheelchair or baby carrier","Lari, latihan, menolak kerusi roda atau troli bayi",跑步，训练，推轮椅或婴儿车,"Chạy, tập luyện, đẩy xe lăn hoặc xe đẩy em bé"
Running,Berlari,跑步,Chạy bộ,12200,13.3,"Running, marathon","Lari, maraton",马拉松,Chạy marathon
Running,Berlari,跑步,Chạy bộ,12255,10.3,"Running uphill, 4.5mph, 5% incline","Lari mendaki bukit, 4.5 mph, cerun 5%",上坡跑，4.5 英里/小时，5% 坡度,"Chạy lên dốc, 4.5 mph, độ dốc 5%"
Running,Berlari,跑步,Chạy bộ,12260,13.3,"Running uphill, 6.0 mph, 5% incline","Lari mendaki bukit, 6.0 mph, cerun 5%",上坡跑，6.0 英里/小时，5% 坡度,"Chạy lên dốc, 6.0 mph, độ dốc 5%"
Running,Berlari,跑步,Chạy bộ,12265,15.5,"Running uphill, 7.0 mph, 5% incline","Lari mendaki bukit, 7.0 mph, cerun 5%",上坡跑，7.0 英里/小时，5% 坡度,"Chạy lên dốc, 7.0 mph, độ dốc 5%"
Running,Berlari,跑步,Chạy bộ,12325,17.5,"Running uphill, 5.0 to 5.9 mph, 15% incline","Lari mendaki bukit, 5.0 hingga 5.9 mph, cerun 15%",上坡跑，5.0 至 5.9 英里/小时，15% 坡度,"Chạy lên dốc, 5.0 – 5.9 mph, độ dốc 15%"
Running,Berlari,跑步,Chạy bộ,12335,8.8,"Running uphill, 0.6 to 0.79 mph, 30% incline","Lari mendaki bukit, 0.6 hingga 0.79 mph, cerun 30%",上坡跑，0.6 至 0.79 英里/小时，30% 坡度,"Chạy lên dốc, 0.6 – 0.79 mph, độ dốc 30%"
Running,Berlari,跑步,Chạy bộ,12337,10.3,"Running uphill, 0.8 to 0.99 mph, 30% incline","Lari mendaki bukit, 0.8 hingga 0.99 mph, cerun 30%",上坡跑，0.8 至 0.99 英里/小时，30% 坡度,"Chạy lên dốc, 0.8 – 0.99 mph, độ dốc 30%"
Running,Berlari,跑步,Chạy bộ,12339,11.8,"Running uphill, 1.0 to 1.19 mph, 30% incline","Lari mendaki bukit, 1.0 hingga 1.19 mph, cerun 30%",上坡跑，1.0 至 1.19 英里/小时，30% 坡度,"Chạy lên dốc, 1.0 – 1.19 mph, độ dốc 30%"
Running,Berlari,跑步,Chạy bộ,12341,13.5,"Running uphill, 1.2 to 1.39 mph, 30-40% incline","Lari mendaki bukit, 1.2 hingga 1.39 mph, cerun 30-40%",上坡跑，1.2 至 1.39 英里/小时，30-40% 坡度,"Chạy lên dốc, 1.2 – 1.39 mph, độ dốc 30–40%"
Running,Berlari,跑步,Chạy bộ,12343,14.8,"Running uphill, 1.4 to 1.59 mph, 30% incline","Lari mendaki bukit, 1.4 hingga 1.59 mph, cerun 30%",上坡跑，1.4 至 1.59 英里/小时，30% 坡度,"Chạy lên dốc, 1.4 – 1.59 mph, độ dốc 30%"
Running,Berlari,跑步,Chạy bộ,12345,16.3,"Running uphill, >1.6mph, 10-30% incline","Lari mendaki bukit, >1.6 mph, cerun 10-30%",上坡跑，>1.6 英里/小时，10-30% 坡度,"Chạy lên dốc, >1.6 mph, độ dốc 10–30%"
Running,Berlari,跑步,Chạy bộ,12350,16,"Running, hilly terrain, ±100m change in elevation","Lari, kawasan berbukit, perubahan elevasi ±100m",丘陵地跑步，±100 米海拔变化,"Chạy địa hình đồi núi, thay đổi cao độ ±100m"
Running,Berlari,跑步,Chạy bộ,12352,5.8,"Running downhill, 5.0 to 5.9 mph, -10% to -15%","Lari menuruni bukit, 5.0 hingga 5.9 mph, cerun -10% hingga -15%",下坡跑，5.0 至 5.9 英里/小时，-10% 至 -15%,"Chạy xuống dốc, 5.0 – 5.9 mph, -10% đến -15%"
Running,Berlari,跑步,Chạy bộ,12353,7.5,"Running downhill, 6.0 to 6.9 mph, -10% to -15%","Lari menuruni bukit, 6.0 hingga 6.9 mph, cerun -10% hingga -15%",下坡跑，6.0 至 6.9 英里/小时，-10% 至 -15%,"Chạy xuống dốc, 6.0 – 6.9 mph, -10% đến -15%"
Running,Berlari,跑步,Chạy bộ,12355,9,"Running downhill, 7.0 to 8.9 mph, -10% to -15%","Lari menuruni bukit, 7.0 hingga 8.9 mph, cerun -10% hingga -15%",下坡跑，7.0 至 8.9 英里/小时，-10% 至 -15%,"Chạy xuống dốc, 7.0 – 8.9 mph, -10% đến -15%"
Running,Berlari,跑步,Chạy bộ,12358,9.3,"Running downhill, 6.0 to 7.9 mph, -3% to -9%","Lari menuruni bukit, 6.0 hingga 7.9 mph, cerun -3% hingga -9%",下坡跑，6.0 至 7.9 英里/小时，-3% 至 -9%,"Chạy xuống dốc, 6.0 – 7.9 mph, -3% đến -9%"
Running,Berlari,跑步,Chạy bộ,12361,13.8,"Running downhill, 8.0 to 10.5 mph, -3% to -9%","Lari menuruni bukit, 8.0 hingga 10.5 mph, cerun -3% hingga -9%",下坡跑，8.0 至 10.5 英里/小时，-3% 至 -9%,"Chạy xuống dốc, 8.0 – 10.5 mph, -3% đến -9%"
Running,Berlari,跑步,Chạy bộ,12405,5.3,"Running/jogging, curved treadmill, 3.0 to 3.9 mph","Lari/jogging, treadmill melengkung, 3.0 hingga 3.9 mph",跑步/慢跑，弯曲跑步机，3.0 至 3.9 英里/小时,"Chạy bộ/chạy, máy chạy cong, 3.0 – 3.9 mph"
Running,Berlari,跑步,Chạy bộ,12408,6.5,"Running/jogging, curved treadmill, 4.0 to 4.9 mph","Lari/jogging, treadmill melengkung, 4.0 hingga 4.9 mph",跑步/慢跑，弯曲跑步机，4.0 至 4.9 英里/小时,"Chạy bộ/chạy, máy chạy cong, 4.0 – 4.9 mph"
Running,Berlari,跑步,Chạy bộ,12410,11,"Running curved treadmill, 5.0 to 5.9 mph","Lari treadmill melengkung, 5.0 hingga 5.9 mph",跑步，弯曲跑步机，5.0 至 5.9 英里/小时,"Chạy, máy chạy cong, 5.0 – 5.9 mph"
Running,Berlari,跑步,Chạy bộ,12412,12,"Running curved treadmill, 7.0 to 7.9 mph","Lari treadmill melengkung, 7.0 hingga 7.9 mph",跑步，弯曲跑步机，7.0 至 7.9 英里/小时,"Chạy, máy chạy cong, 7.0 – 7.9 mph"
Running,Berlari,跑步,Chạy bộ,12414,14,"Running curved treadmill, 8.0 to 8.9 mph","Lari treadmill melengkung, 8.0 hingga 8.9 mph",跑步，弯曲跑步机，8.0 至 8.9 英里/小时,"Chạy, máy chạy cong, 8.0 – 8.9 mph"
Running,Berlari,跑步,Chạy bộ,12416,16.8,"Running curved treadmill, 9.0 to 9.9 mph","Lari treadmill melengkung, 9.0 hingga 9.9 mph",跑步，弯曲跑步机，9.0 至 9.9 英里/小时,"Chạy, máy chạy cong, 9.0 – 9.9 mph"
Running,Berlari,跑步,Chạy bộ,12508,8.5,"Running, 5.0 - 5.9 mph, 1.0 to 3.0 kg backpack","Lari, 5.0 hingga 5.9 mph, beg galas 1.0 hingga 3.0 kg",跑步，5.0 - 5.9 英里/小时，背 1.0 至 3.0 千克背包,"Chạy, 5.0 – 5.9 mph, mang ba lô 1.0 – 3.0 kg"
Running,Berlari,跑步,Chạy bộ,12510,9.5,"Running, 6.0 - 6.9 mph, 1.0 to 3.0 kg backpack","Lari, 6.0 hingga 6.9 mph, beg galas 1.0 hingga 3.0 kg",跑步，6.0 - 6.9 英里/小时，背 1.0 至 3.0 千克背包,"Chạy, 6.0 – 6.9 mph, mang ba lô 1.0 – 3.0 kg"
Running,Berlari,跑步,Chạy bộ,12512,9.8,"Running, 7.0 - 7.9 mph, 1.0 to 3.0 kg backpack","Lari, 7.0 hingga 7.9 mph, beg galas 1.0 hingga 3.0 kg",跑步，7.0 - 7.9 英里/小时，背 1.0 至 3.0 千克背包,"Chạy, 7.0 – 7.9 mph, mang ba lô 1.0 – 3.0 kg"
Running,Berlari,跑步,Chạy bộ,12514,12,"Running, 8.0 - 8.9 mph, 1.0 to 3.0 kg backpack","Lari, 8.0 hingga 8.9 mph, beg galas 1.0 hingga 3.0 kg",跑步，8.0 - 8.9 英里/小时，背 1.0 至 3.0 千克背包,"Chạy, 8.0 – 8.9 mph, mang ba lô 1.0 – 3.0 kg"
Running,Berlari,跑步,Chạy bộ,12555,7.8,"Running, barefoot, 3.5-5.9 mph","Lari, bertelanjang kaki, 3.5-5.9 mph",赤脚跑步，3.5-5.9 英里/小时,"Chạy chân trần, 3.5 – 5.9 mph"
Running,Berlari,跑步,Chạy bộ,12560,12,"Running, barefoot, 6.0-7.9 mph","Lari, bertelanjang kaki, 6.0-7.9 mph",赤脚跑步，6.0-7.9 英里/小时,"Chạy chân trần, 6.0 – 7.9 mph"
Running,Berlari,跑步,Chạy bộ,12565,13.5,"Running, barefoot, 8.0-8.9 mph","Lari, bertelanjang kaki, 8.0-8.9 mph",赤脚跑步，8.0-8.9 英里/小时,"Chạy chân trần, 8.0 – 8.9 mph"
Running,Berlari,跑步,Chạy bộ,12585,8,"Running, jogging stroller, indoors, 5 mph","Lari, dengan kereta sorong bayi, dalam rumah, 5 mph",跑步，婴儿车慢跑，室内，5 英里/小时,"Chạy, xe đẩy em bé, trong nhà, 5 mph"
Running,Berlari,跑步,Chạy bộ,12588,9,"Running, jogging stroller, indoors, 6 mph","Lari, dengan kereta sorong bayi, dalam rumah, 6 mph",跑步，婴儿车慢跑，室内，6 英里/小时,"Chạy, xe đẩy em bé, trong nhà, 6 mph"
Running,Berlari,跑步,Chạy bộ,12593,10,"Running, jogging stroller, outdoors, 5 mph","Lari, dengan kereta sorong bayi, luar rumah, 5 mph",跑步，婴儿车慢跑，室外，5 英里/小时,"Chạy, xe đẩy em bé, ngoài trời, 5 mph"
Running,Berlari,跑步,Chạy bộ,12595,11.5,"Running, jogging stroller, outdoors, 6 mph","Lari, dengan kereta sorong bayi, luar rumah, 6 mph",跑步，婴儿车慢跑，室外，6 英里/小时,"Chạy, xe đẩy em bé, ngoài trời, 6 mph"
Running,Berlari,跑步,Chạy bộ,12600,11.5,"Skipping, 5.5-6.0 mph","Skipping, 5.5-6.0 mph",跳步跑，5.5-6.0 英里/小时,"Chạy nhảy bước, 5.5 – 6.0 mph"
Running,Berlari,跑步,Chạy bộ,12620,13,"Triathlon, Running","Triathlon, Lari",铁人三项，跑步,"Ba môn phối hợp, chạy"
Sports,Sukan,体育运动,Thể thao,15000,5.5,"Alaska Native Games, Eskimo Olympics, general","Permainan Asli Alaska, Olimpik Eskimo, am",阿拉斯加原住民运动，爱斯基摩奥运会，一般,"Trò chơi Thổ dân Alaska, Olympic Eskimo, tổng quát"
Sports,Sukan,体育运动,Thể thao,15010,4.3,Archery (non-hunting),Memanah (bukan berburu),射箭（非狩猎）,Bắn cung (không săn bắn)
Sports,Sukan,体育运动,Thể thao,15020,7,"Badminton, competitive (Taylor Code 450)","Badminton, kompetitif (Kod Taylor 450)",羽毛球，竞技（Taylor Code 450）,"Cầu lông, thi đấu (Taylor Code 450)"
Sports,Sukan,体育运动,Thể thao,15025,9,"Badminton, competitive, match play","Badminton, kompetitif, perlawanan",羽毛球，竞技，比赛,"Cầu lông, thi đấu, đánh trận"
Sports,Sukan,体育运动,Thể thao,15030,5.5,"Badminton, social singles and doubles, general","Badminton, sosial tunggal dan berganda, am",羽毛球，社交单打和双打，一般,"Cầu lông, đơn và đôi xã giao, tổng quát"
Sports,Sukan,体育运动,Thể thao,15040,8,"Basketball, game (Taylor Code 490)","Bola keranjang, perlawanan (Kod Taylor 490)",篮球，比赛（Taylor Code 490）,"Bóng rổ, trận đấu (Taylor Code 490)"
Sports,Sukan,体育运动,Thể thao,15050,6,"Basketball, non-game, general (Taylor Code 480)","Bola keranjang, bukan perlawanan, am (Kod Taylor 480)",篮球，非比赛，一般（Taylor Code 480）,"Bóng rổ, không thi đấu, tổng quát (Taylor Code 480)"
Sports,Sukan,体育运动,Thể thao,15055,7.5,"Basketball, general","Bola keranjang, am",篮球，一般,"Bóng rổ, tổng quát"
Sports,Sukan,体育运动,Thể thao,15060,7,"Basketball, officiating (Taylor Code 500)","Bola keranjang, pengadil (Kod Taylor 500)",篮球，裁判（Taylor Code 500）,"Bóng rổ, trọng tài (Taylor Code 500)"
Sports,Sukan,体育运动,Thể thao,15062,5.8,"Basketball, officiating","Bola keranjang, pengadil",篮球，裁判,"Bóng rổ, trọng tài"
Sports,Sukan,体育运动,Thể thao,15070,5,"Basketball, shooting baskets","Bola keranjang, menembak ke bakul",篮球，投篮,"Bóng rổ, ném rổ"
Sports,Sukan,体育运动,Thể thao,15072,9.3,"Basketball, drills, practice","Bola keranjang, latihan, drill",篮球，训练，练习,"Bóng rổ, bài tập, luyện tập"
Sports,Sukan,体育运动,Thể thao,15080,2.5,Billiards,Billiard,台球,Bi-a
Sports,Sukan,体育运动,Thể thao,15090,3,Bowling (Taylor Code 390),Bowl (Kod Taylor 390),保龄球（Taylor Code 390）,Bowling (Taylor Code 390)
Sports,Sukan,体育运动,Thể thao,15092,3.8,"Bowling, indoor, bowling alley","Bowl, dalaman, lorong bowling",保龄球，室内，保龄球馆,"Bowling, trong nhà, tại sân bowling"
Sports,Sukan,体育运动,Thể thao,15100,12.3,"Boxing, in ring, general","Tinju, di gelanggang, am",拳击，擂台，一般,"Đấm bốc, trên võ đài, tổng quát"
Sports,Sukan,体育运动,Thể thao,15110,5.8,"Boxing, punching bag","Tinju, beg pukulan",拳击，沙袋训练,"Đấm bốc, tập bao cát"
Sports,Sukan,体育运动,Thể thao,15113,7,"Boxing, punching bag, 60 b/min","Tinju, beg pukulan, 60 pukulan/min",拳击，沙袋训练，60 次/分钟,"Đấm bốc, tập bao cát, 60 lần/phút"
Sports,Sukan,体育运动,Thể thao,15115,8.5,"Boxing, punching bag, 120 b/min","Tinju, beg pukulan, 120 pukulan/min",拳击，沙袋训练，120 次/分钟,"Đấm bốc, tập bao cát, 120 lần/phút"
Sports,Sukan,体育运动,Thể thao,15118,10.8,"Boxing, punching bag, 180 b/min","Tinju, beg pukulan, 180 pukulan/min",拳击，沙袋训练，180 次/分钟,"Đấm bốc, tập bao cát, 180 lần/phút"
Sports,Sukan,体育运动,Thể thao,15120,7.8,"Boxing, sparring","Tinju, sparring",拳击，对打,"Đấm bốc, sparring"
Sports,Sukan,体育运动,Thể thao,15125,9.3,"Boxing, simulated boxing round, exercise","Tinju, pusingan simulasi, senaman",拳击，模拟比赛回合，锻炼,"Đấm bốc, vòng mô phỏng, tập luyện"
Sports,Sukan,体育运动,Thể thao,15130,7,Broomball,Broomball,冰上曲棍球衍生运动,Bóng chổi trên băng (Broomball)
Sports,Sukan,体育运动,Thể thao,15135,5.8,"Children’s games, adults playing  (e.g., hopscotch, 4-square, dodge ball, playground apparatus, t-ball,  tetherball, marbles, jacks,
arcade games), moderate effort","Permainan kanak-kanak, dewasa bermain (contoh: hopscotch, 4-square, dodge ball, peralatan taman permainan, t-ball, tetherball, guli, jacks, permainan arcade), usaha sederhana",儿童游戏，成人参与（如跳房子、四方格、躲避球、操场器械、棒球入门、套圈、弹珠、抓石子、街机游戏），中等强度,"Trò chơi trẻ em, người lớn chơi (ví dụ: nhảy lò cò, 4-square, né bóng, thiết bị sân chơi, t-ball, ném vòng, bi, chuyền đá, trò chơi điện tử), gắng sức vừa phải"
Sports,Sukan,体育运动,Thể thao,15138,6,"Cheerleading, gymnastic moves, competitive","Cheerleading, gerakan gimnastik, kompetitif",啦啦队，体操动作，竞技,"Cổ vũ, động tác thể dục, thi đấu"
Sports,Sukan,体育运动,Thể thao,15140,4,"Coaching, football, soccer, basketball, baseball, swimming, etc.","Latihan, bola sepak, bola keranjang, bola baseball, renang, dll.",教练，橄榄球、足球、篮球、棒球、游泳等,"Huấn luyện, bóng đá, bóng rổ, bóng chày, bơi lội, v.v."
Sports,Sukan,体育运动,Thể thao,15142,8,"Coaching, actively playing sport with players","Latihan, aktif bermain dengan pemain",教练，积极参与与球员一起运动,"Huấn luyện, tham gia tích cực cùng người chơi"
Sports,Sukan,体育运动,Thể thao,15150,4.8,"Cricket, batting, bowling, fielding","Kriket, memukul, melempar, menjaga lapangan",板球，击球、投球、防守,"Cricket, đánh bóng, ném bóng, phòng thủ"
Sports,Sukan,体育运动,Thể thao,15160,3.3,Croquet,Croquet,槌球,Croquet
Sports,Sukan,体育运动,Thể thao,15170,4,Curling,Curling,冰壶,Curling
Sports,Sukan,体育运动,Thể thao,15180,2.5,"Darts, wall or lawn","Dart, dinding atau padang",飞镖，墙面或草地,"Phi tiêu, tường hoặc sân cỏ"
Sports,Sukan,体育运动,Thể thao,15190,6,"Drag racing, pushing or driving a car","Drag racing, menolak atau memandu kereta",直线加速赛，推车或开车,"Đua xe drag, đẩy hoặc lái xe"
Sports,Sukan,体育运动,Thể thao,15192,8.5,"Auto racing, open wheel","Lumba kereta, roda terbuka",汽车比赛，方程式,"Đua xe ô tô, công thức mở"
Sports,Sukan,体育运动,Thể thao,15195,7.8,Futsal,Futsal,室内五人制足球,Futsal
Sports,Sukan,体育运动,Thể thao,15200,6,"Fencing, general","Fencing, am",击剑，一般,"Đấu kiếm, tổng quát"
Sports,Sukan,体育运动,Thể thao,15203,9.8,"Fencing, epee, competitive","Fencing, epee, kompetitif",击剑，重剑，竞技,"Đấu kiếm, kiếm ba cạnh, thi đấu"
Sports,Sukan,体育运动,Thể thao,15205,10.5,Floorball,Floorball,地板球,Floorball
Sports,Sukan,体育运动,Thể thao,15210,8,"Football, competitive","Bola sepak, kompetitif",美式橄榄球，竞技,"Bóng bầu dục Mỹ, thi đấu"
Sports,Sukan,体育运动,Thể thao,15230,8,"Football, touch, flag, general (Taylor Code 510)","Bola sepak, sentuh, bendera, am (Kod Taylor 510)",美式橄榄球，触式，旗式，一般（Taylor Code 510）,"Bóng bầu dục Mỹ, chạm/cờ, tổng quát (Taylor Code 510)"
Sports,Sukan,体育运动,Thể thao,15232,4,"Football, touch, flag, light effort","Bola sepak, sentuh, bendera, usaha ringan",美式橄榄球，触式，旗式，轻强度,"Bóng bầu dục Mỹ, chạm/cờ, nhẹ"
Sports,Sukan,体育运动,Thể thao,15235,2.5,"Football or baseball, playing catch","Bola sepak atau baseball, bermain tangkap",橄榄球或棒球，传接球,"Bóng bầu dục hoặc bóng chày, chuyền bóng"
Sports,Sukan,体育运动,Thể thao,15240,3,"Frisbee playing, general","Bermain Frisbee, am",飞盘游戏，一般,"Chơi đĩa bay, tổng quát"
Sports,Sukan,体育运动,Thể thao,15250,8,"Frisbee, ultimate","Frisbee, ultimate",极限飞盘,"Đĩa bay, ultimate"
Sports,Sukan,体育运动,Thể thao,15252,3.8,Frisbee golf,Frisbee golf,飞盘高尔夫,Golf đĩa bay
Sports,Sukan,体育运动,Thể thao,15255,4.5,"Golf, general","Golf, am",高尔夫，一般,"Golf, tổng quát"
Sports,Sukan,体育运动,Thể thao,15265,4.3,"Golf, walking, carrying clubs","Golf, berjalan, membawa kayu",高尔夫，步行，背球杆,"Golf, đi bộ, mang gậy"
Sports,Sukan,体育运动,Thể thao,15270,3.5,"Golf, miniature, driving range","Golf, mini, driving range",高尔夫，迷你高尔夫，练习场,"Golf, mini golf, sân tập"
Sports,Sukan,体育运动,Thể thao,15285,4.5,"Golf, walking, pulling clubs","Golf, berjalan, menarik kayu",高尔夫，步行，拉球杆,"Golf, đi bộ, kéo gậy"
Sports,Sukan,体育运动,Thể thao,15290,3.5,"Golf, using power cart (Taylor Code 070)","Golf, menggunakan kereta kuasa (Kod Taylor 070)",高尔夫，使用动力球车（Taylor Code 070）,"Golf, xe điện (Taylor Code 070)"
Sports,Sukan,体育运动,Thể thao,15300,3.8,"Gymnastics, general","Gimnastik, am",体操，一般,"Thể dục dụng cụ, tổng quát"
Sports,Sukan,体育运动,Thể thao,15310,4,Hacky sack,Hacky sack,踢毽子,Đá cầu
Sports,Sukan,体育运动,Thể thao,15320,12,"Handball, general (Taylor Code 520)","Handball, am (Kod Taylor 520)",手球，一般（Taylor Code 520）,"Bóng ném, tổng quát (Taylor Code 520)"
Sports,Sukan,体育运动,Thể thao,15330,8,"Handball, team","Handball, pasukan",手球，团队,"Bóng ném, đồng đội"
Sports,Sukan,体育运动,Thể thao,15335,4,"High ropes course, multiple elements","Laluan tali tinggi, pelbagai elemen",高空绳索课程，多种项目,"Leo dây cao, nhiều chướng ngại vật"
Sports,Sukan,体育运动,Thể thao,15340,3.5,Hang gliding,Paralayang,悬挂式滑翔,Dù lượn
Sports,Sukan,体育运动,Thể thao,15350,7.8,"Hockey, field","Hoki, padang",曲棍球，草地,"Khúc côn cầu, sân cỏ"
Sports,Sukan,体育运动,Thể thao,15360,8,"Hockey, ice, general","Hoki, ais, am",曲棍球，冰上，一般,"Khúc côn cầu, trên băng, tổng quát"
Sports,Sukan,体育运动,Thể thao,15362,10,"Hockey, ice, competitive","Hoki, ais, kompetitif",曲棍球，冰上，竞技,"Khúc côn cầu, trên băng, thi đấu"
Sports,Sukan,体育运动,Thể thao,15370,5.5,"Horseback riding, general","Menunggang kuda, am",骑马，一般,"Cưỡi ngựa, tổng quát"
Sports,Sukan,体育运动,Thể thao,15380,4.5,"Horse grooming, maintenance, saddling tasks","Penjagaan kuda, penyelenggaraan, menunggang",马匹梳理、维护、备鞍任务,"Chải lông, chăm sóc, chuẩn bị yên ngựa"
Sports,Sukan,体育运动,Thể thao,15390,5.8,"Horseback riding, trotting","Menunggang kuda, trotting",骑马，小跑,"Cưỡi ngựa, nước kiệu"
Sports,Sukan,体育运动,Thể thao,15395,7.3,"Horseback riding, canter or gallop","Menunggang kuda, canter atau gallop",骑马，慢跑或疾驰,"Cưỡi ngựa, phi nước đại"
Sports,Sukan,体育运动,Thể thao,15400,3.8,"Horseback riding, walking","Menunggang kuda, berjalan",骑马，步行,"Cưỡi ngựa, đi bộ"
Sports,Sukan,体育运动,Thể thao,15402,9,"Horseback riding, jumping","Menunggang kuda, melompat",骑马，跳跃,"Cưỡi ngựa, nhảy"
Sports,Sukan,体育运动,Thể thao,15403,6,"Horseback riding, reining","Menunggang kuda, reining",骑马，驯马表演,"Cưỡi ngựa, reining"
Sports,Sukan,体育运动,Thể thao,15406,2.1,"Horseback riding, simulator","Menunggang kuda, simulator",骑马，模拟器,"Cưỡi ngựa, mô phỏng"
Sports,Sukan,体育运动,Thể thao,15408,1.8,"Horse cart, driving, standing or sitting","Kereta kuda, memandu, berdiri atau duduk",马车，驾驶，站立或坐姿,"Xe ngựa, điều khiển, đứng hoặc ngồi"
Sports,Sukan,体育运动,Thể thao,15410,3,"Horseshoe pitching, quoits","Melempar horseshoe, quoits",掷马蹄铁，圈套,"Ném móng ngựa, trò quoits"
Sports,Sukan,体育运动,Thể thao,15420,12,Jai alai,Jai alai,回力球,Jai alai
Sports,Sukan,体育运动,Thể thao,15425,5.3,"Martial Arts, different types, slower pace, novice performers, practice","Seni Bela Diri, pelbagai jenis, langkah perlahan, pemula, latihan",武术，各类，较慢节奏，初学者，练习,"Võ thuật, các loại, nhịp chậm, người mới, tập luyện"
Sports,Sukan,体育运动,Thể thao,15430,10.3,"Martial Arts, different types, moderate pace (e.g., judo, jujitsu, karate, kick boxing, tae kwon do, tai-bo, Muay Thai boxing)","Seni Bela Diri, pelbagai jenis, langkah sederhana (contoh: judo, jujitsu, karate, kickboxing, tae kwon do, tai-bo, Muay Thai)",武术，各类，中等节奏（如柔道、柔术、空手道、踢拳、跆拳道、泰搏、有氧搏击、泰拳）,"Võ thuật, các loại, nhịp vừa (ví dụ: Judo, Jujitsu, Karate, Kickboxing, Taekwondo, Tai-bo, Muay Thái)"
Sports,Sukan,体育运动,Thể thao,15432,14.3,"Taekwondo, combat simulation","Taekwondo, simulasi pertarungan",跆拳道，模拟对打,"Taekwondo, mô phỏng đối kháng"
Sports,Sukan,体育运动,Thể thao,15433,11.3,Judo,Judo,柔道,Judo
Sports,Sukan,体育运动,Thể thao,15440,4,Juggling,Menjongler,杂耍,Xiếc tung hứng
Sports,Sukan,体育运动,Thể thao,15444,6.5,"Kendo, kihon-keiko style, moderate intensity","Kendo, gaya kihon-keiko, intensiti sederhana",剑道，基本练习风格，中等强度,"Kendo, phong cách kihon-keiko, cường độ vừa"
Sports,Sukan,体育运动,Thể thao,15445,9.6,"Kendo, kirikaeshi style, high intensity","Kendo, gaya kirikaeshi, intensiti tinggi",剑道，切返练习风格，高强度,"Kendo, phong cách kirikaeshi, cường độ cao"
Sports,Sukan,体育运动,Thể thao,15446,11.3,"Kendo, kakari keiko style, very high intensity","Kendo, gaya kakari keiko, intensiti sangat tinggi",剑道，攻击练习风格，非常高强度,"Kendo, phong cách kakari keiko, cường độ rất cao"
Sports,Sukan,体育运动,Thể thao,15450,7,Kickball,Kickball,踢球,Bóng đá bãi
Sports,Sukan,体育运动,Thể thao,15455,5.5,Kung Fu Gymnastics,Kung Fu Gimnastik,功夫体操,Võ thuật Kung Fu kết hợp thể dục
Sports,Sukan,体育运动,Thể thao,15457,7.3,Kickboxing,Kickboxing,踢拳,Kickboxing
Sports,Sukan,体育运动,Thể thao,15460,8,Lacrosse,Lacrosse,长曲棍球,Lacrosse
Sports,Sukan,体育运动,Thể thao,15465,3.3,"Lawn bowling, bocce ball, outdoor","Bola bocce, outdoor",草地滚球，滚球，户外,"Bóng gỗ sân cỏ, bocce ball, ngoài trời"
Sports,Sukan,体育运动,Thể thao,15470,4,"Motocross, off-road motor sports, all-terrain vehicle, general","Motocross, sukan bermotor off-road, kenderaan semua tanah, am",越野摩托车，越野机动运动，全地形车，一般,"Đua mô tô địa hình, xe thể thao đa địa hình, tổng quát"
Sports,Sukan,体育运动,Thể thao,15475,5.3,"Motorcycle racing, Supormoto racing","Lumba motosikal, Supormoto",摩托车比赛，超级摩托比赛,"Đua mô tô, Supormoto"
Sports,Sukan,体育运动,Thể thao,15477,7,Netball,Netball,无挡板篮球,Bóng rổ nữ (Netball)
Sports,Sukan,体育运动,Thể thao,15480,9,Orienteering,Orientering,定向越野,Định hướng địa hình
Sports,Sukan,体育运动,Thể thao,15490,10,"Paddleball, competitive","Paddleball, kompetitif",壁球，竞技,"Paddleball, thi đấu"
Sports,Sukan,体育运动,Thể thao,15500,6,"Paddleball, casual, general (Taylor Code 460)","Paddleball, kasual, am (Kod Taylor 460)",壁球，休闲，一般（Taylor Code 460）,"Paddleball, giải trí, tổng quát (Taylor Code 460)"
Sports,Sukan,体育运动,Thể thao,15503,1.8,"Paragliding, moderate altitude","Paralayang, ketinggian sederhana",滑翔伞，中等高度,"Dù lượn, độ cao vừa"
Sports,Sukan,体育运动,Thể thao,15506,6.5,Prusik climbing,Memanjat Prusik,普鲁西克攀登,Leo dây Prusik
Sports,Sukan,体育运动,Thể thao,15510,8,"Polo, on horseback","Polo, menunggang kuda",马球，骑马,"Polo, cưỡi ngựa"
Sports,Sukan,体育运动,Thể thao,15520,10,"Racquetball, competitive","Racquetball, kompetitif",壁球，竞技,"Racquetball, thi đấu"
Sports,Sukan,体育运动,Thể thao,15525,10.3,"Race Walking, 3.1 m/s (6.9 mph)","Berjalan Lumba, 3.1 m/s (6.9 mph)",竞走，3.1 米/秒（6.9 英里/小时）,"Đi bộ tốc độ, 3.1 m/s (6.9 mph)"
Sports,Sukan,体育运动,Thể thao,15527,13.8,"Race Walking, 3.7 m/s (8.3 mph)","Berjalan Lumba, 3.7 m/s (8.3 mph)",竞走，3.7 米/秒（8.3 英里/小时）,"Đi bộ tốc độ, 3.7 m/s (8.3 mph)"
Sports,Sukan,体育运动,Thể thao,15528,15.5,"Race Walking, racing speed, 4.0 m/s (8.95 mph)","Berjalan Lumba, kelajuan perlawanan, 4.0 m/s (8.95 mph)",竞走，比赛速度，4.0 米/秒（8.95 英里/小时）,"Đi bộ tốc độ, tốc độ đua, 4.0 m/s (8.95 mph)"
Sports,Sukan,体育运动,Thể thao,15530,7,"Racquetball, general (Taylor Code 470)","Racquetball, am (Kod Taylor 470)",壁球，一般（Taylor Code 470）,"Racquetball, tổng quát (Taylor Code 470)"
Sports,Sukan,体育运动,Thể thao,15533,8,"Rock or mountain climbing (Taylor Code 060), (formerly code 17120)","Memanjat batu atau gunung (Kod Taylor 060), (dahulu kod 17120)",岩石或登山攀爬（Taylor Code 060），（原代码 17120）,"Leo núi đá hoặc leo núi (Taylor Code 060), (trước đây là code 17120)"
Sports,Sukan,体育运动,Thể thao,15534,8.8,"Rock climbing, free boulder","Memanjat batu, free boulder",攀岩，自由抱石,"Leo núi, tự do, leo boulder"
Sports,Sukan,体育运动,Thể thao,15535,7.3,"Rock climbing, ascending rock, high difficulty","Mendaki batu, mendaki batu, tahap kesukaran tinggi",攀岩，攀登岩石，高难度,"Leo núi, trèo đá, độ khó cao"
Sports,Sukan,体育运动,Thể thao,15536,10.5,"Rock climbing, speed climbing, very difficult","Mendaki batu, panjat laju, sangat sukar",攀岩，速度攀登，非常困难,"Leo núi, leo tốc độ, rất khó"
Sports,Sukan,体育运动,Thể thao,15537,5.8,"Rock climbing, ascending or traversing rock, low-to-moderate difficulty","Mendaki batu, mendaki atau merentas batu, tahap kesukaran rendah hingga sederhana",攀岩，攀登或横渡岩石，低至中等难度,"Leo núi, trèo hoặc băng ngang đá, độ khó thấp đến trung bình"
Sports,Sukan,体育运动,Thể thao,15538,10.5,"Rock climbing, treadwall, 4-6 m/min","Mendaki batu, treadwall, 4-6 m/min",攀岩，踏墙机，4-6 米/分钟,"Leo núi, tường leo treadwall, 4-6 m/phút"
Sports,Sukan,体育运动,Thể thao,15539,10.5,"Rock climbing, treadwall, 7-10 m/min","Mendaki batu, treadwall, 7-10 m/min",攀岩，踏墙机，7-10 米/分钟,"Leo núi, tường leo treadwall, 7-10 m/phút"
Sports,Sukan,体育运动,Thể thao,15540,5,"Rock climbing, rappelling,","Mendaki batu, turun tali (rappelling)",攀岩，绳降,"Leo núi, trượt dây rappel"
Sports,Sukan,体育运动,Thể thao,15542,4,"Rodeo sports, general, light effort","Sukan rodeo, umum, usaha ringan",牛仔竞技运动，一般，轻度强度,"Thể thao rodeo, tổng quát, nhẹ"
Sports,Sukan,体育运动,Thể thao,15544,5.5,"Rodeo sports, general, moderate effort","Sukan rodeo, umum, usaha sederhana",牛仔竞技运动，一般，中等强度,"Thể thao rodeo, tổng quát, vừa"
Sports,Sukan,体育运动,Thể thao,15546,7,"Rodeo sports, general, vigorous effort","Sukan rodeo, umum, usaha kuat",牛仔竞技运动，一般，剧烈强度,"Thể thao rodeo, tổng quát, nặng"
Sports,Sukan,体育运动,Thể thao,15550,12.3,"Rope jumping, fast pace, 120-160 skips/min","Lompat tali, laju, 120-160 lompatan/minit",跳绳，快速，120-160 下/分钟,"Nhảy dây, tốc độ nhanh, 120-160 lần/phút"
Sports,Sukan,体育运动,Thể thao,15551,11.8,"Rope jumping, moderate pace, general, 100 to 120 skips/min, 2 foot skip, plain bounce","Lompat tali, kadar sederhana, umum, 100 hingga 120 lompatan/minit, lompatan dua kaki, lantunan biasa",跳绳，中速，一般，100-120 下/分钟，双脚跳，普通弹跳,"Nhảy dây, tốc độ vừa, tổng quát, 100-120 lần/phút, nhảy hai chân, nhún nhảy cơ bản"
Sports,Sukan,体育运动,Thể thao,15552,8.3,"Rope jumping, slow pace, < 100 skips/min, 2 foot skip, rhythm bounce","Lompat tali, kadar perlahan, < 100 lompatan/minit, lompatan dua kaki, lantunan berirama",跳绳，慢速，少于 100 下/分钟，双脚跳，节奏弹跳,"Nhảy dây, tốc độ chậm, <100 lần/phút, nhảy hai chân, nhún nhảy nhịp nhàng"
Sports,Sukan,体育运动,Thể thao,15554,10,"Rope jumping, double under or more","Lompat tali, double under atau lebih",跳绳，双摇或更多,"Nhảy dây, nhảy đôi hoặc hơn"
Sports,Sukan,体育运动,Thể thao,15560,8.3,"Rugby, union, team, competitive","Ragbi, union, pasukan, pertandingan",橄榄球，联盟赛，团队，竞技,"Bóng bầu dục, liên hiệp, đội, cạnh tranh"
Sports,Sukan,体育运动,Thể thao,15562,6.3,"Rugby, touch, non-competitive","Ragbi, sentuh, bukan pertandingan",橄榄球，触式，非竞技,"Bóng bầu dục, chạm bóng, không cạnh tranh"
Sports,Sukan,体育运动,Thể thao,15570,3,Shuffleboard,Shuffleboard,沙壶球,Shuffleboard
Sports,Sukan,体育运动,Thể thao,15580,5,"Skateboarding, general, moderate effort","Skateboard, umum, usaha sederhana",滑板，一般，中等强度,"Trượt ván, tổng quát, vừa"
Sports,Sukan,体育运动,Thể thao,15582,6,"Skateboarding, competitive, vigorous effort","Skateboard, pertandingan, usaha kuat",滑板，竞技，剧烈强度,"Trượt ván, cạnh tranh, nặng"
Sports,Sukan,体育运动,Thể thao,15590,7,"Skating, roller (Taylor Code 360)",Luncur kasut beroda (Taylor Code 360),轮滑（Taylor 代码 360）,"Trượt patin, roller (Mã Taylor 360)"
Sports,Sukan,体育运动,Thể thao,15591,7.5,"Roller blading, in-line skating, 14.4 km/h (9.0 mph), recreational pace","Inline skating, 14.4 km/j (9.0 mph), kadar santai",直排轮滑，14.4 公里/小时（9.0 英里/小时），娱乐速度,"Trượt patin, in-line, 14,4 km/h (9,0 mph), tốc độ giải trí"
Sports,Sukan,体育运动,Thể thao,15592,9.8,"Roller blading, in-line skating, 17.7 km/h (11.0 mph), moderate pace, exercise training","Inline skating, 17.7 km/j (11.0 mph), kadar sederhana, latihan",直排轮滑，17.7 公里/小时（11.0 英里/小时），中速，训练强度,"Trượt patin, in-line, 17,7 km/h (11,0 mph), tốc độ vừa, luyện tập"
Sports,Sukan,体育运动,Thể thao,15593,12.3,"Roller blading, in-line skating, 21.0 to 21.7 km/h (13.0 to 13.6 mph), fast pace, exercise training","Inline skating, 21.0 hingga 21.7 km/j (13.0 hingga 13.6 mph), kadar laju, latihan",直排轮滑，21.0 至 21.7 公里/小时（13.0 至 13.6 英里/小时），快速，训练强度,"Trượt patin, in-line, 21,0 đến 21,7 km/h (13,0 đến 13,6 mph), tốc độ nhanh, luyện tập"
Sports,Sukan,体育运动,Thể thao,15594,15.5,"Rollerblading, in-line skating, 24.0 km/h (15.0 mph), maximal effort","Inline skating, 24.0 km/j (15.0 mph), usaha maksimum",直排轮滑，24.0 公里/小时（15.0 英里/小时），最大强度,"Trượt patin, in-line, 24,0 km/h (15,0 mph), nỗ lực tối đa"
Sports,Sukan,体育运动,Thể thao,15595,6.8,"Skateboard, longboard, 13.3 km/h, slow speed","Skateboard longboard, 13.3 km/j, perlahan",长板滑板，13.3 公里/小时，慢速,"Trượt ván dài, 13,3 km/h, tốc độ chậm"
Sports,Sukan,体育运动,Thể thao,15596,8.3,"Skateboard, longboard, 16.2 km/h, typical speed","Skateboard longboard, 16.2 km/j, kelajuan biasa",长板滑板，16.2 公里/小时，常速,"Trượt ván dài, 16,2 km/h, tốc độ thông thường"
Sports,Sukan,体育运动,Thể thao,15597,10.5,"Skateboard, longboard, 18.4 km/h, fast speed","Skateboard longboard, 18.4 km/j, laju",长板滑板，18.4 公里/小时，快速,"Trượt ván dài, 18,4 km/h, tốc độ nhanh"
Sports,Sukan,体育运动,Thể thao,15600,3.5,"Skydiving, base-jumping, bungee jumping","Terjun udara, base-jumping, bungee jumping",跳伞，低空跳伞，蹦极,"Nhảy dù, nhảy base-jumping, nhảy bungee"
Sports,Sukan,体育运动,Thể thao,15605,9.5,"Soccer, competitive","Bola sepak, pertandingan",足球，竞技,"Bóng đá, cạnh tranh"
Sports,Sukan,体育运动,Thể thao,15610,7,"Soccer, casual, general (Taylor Code 540)","Bola sepak, santai, umum (Taylor Code 540)",足球，休闲，一般（Taylor 代码 540）,"Bóng đá, giải trí, tổng quát (Mã Taylor 540)"
Sports,Sukan,体育运动,Thể thao,15615,3.5,Walking football/soccer,Bola sepak berjalan,健走足球/休闲足球,Bóng đá đi bộ
Sports,Sukan,体育运动,Thể thao,15620,5,"Softball or baseball, fast or slow pitch, general, moderate effort (Taylor Code 440)","Softball atau besbol, pitch laju atau perlahan, umum, usaha sederhana (Taylor Code 440)",垒球或棒球，快投或慢投，一般，中等强度（Taylor 代码 440）,"Bóng mềm hoặc bóng chày, tốc độ nhanh hoặc chậm, tổng quát, vừa (Mã Taylor 440)"
Sports,Sukan,体育运动,Thể thao,15625,4,"Softball, practice","Softball, latihan",垒球，练习,"Bóng mềm, luyện tập"
Sports,Sukan,体育运动,Thể thao,15630,4,"Softball, officiating","Softball, pengadil",垒球，裁判,"Bóng mềm, trọng tài"
Sports,Sukan,体育运动,Thể thao,15640,6,"Softball, pitching","Softball, baling",垒球，投球,"Bóng mềm, ném bóng"
Sports,Sukan,体育运动,Thể thao,15645,3.3,"Sports spectator, very excited, emotional, physically moving","Penonton sukan, sangat teruja, emosi, bergerak secara fizikal",观赛，极度兴奋，情绪激动，身体活动,"Người xem thể thao, rất hứng khởi, xúc động, di chuyển cơ thể"
Sports,Sukan,体育运动,Thể thao,15650,12,Squash (Taylor Code 530),Skuasy (Taylor Code 530),壁球（Taylor 代码 530）,Quần vợt squash (Mã Taylor 530)
Sports,Sukan,体育运动,Thể thao,15652,7.3,"Squash, general","Skuasy, umum",壁球，一般,"Quần vợt squash, tổng quát"
Sports,Sukan,体育运动,Thể thao,15660,4,"Table tennis, ping pong (Taylor Code 410)","Ping pong, tenis meja (Taylor Code 410)",乒乓球（Taylor 代码 410）,"Bàn bóng, ping pong (Mã Taylor 410)"
Sports,Sukan,体育运动,Thể thao,15670,3.3,"Tai chi, qi gong, general","Tai chi, qi gong, umum",太极、气功，一般,"Thái cực quyền, khí công, tổng quát"
Sports,Sukan,体育运动,Thể thao,15672,1.5,"Tai chi, qi gong, sitting, light effort","Tai chi, qi gong, duduk, usaha ringan",太极、气功，坐姿，轻度强度,"Thái cực quyền, khí công, ngồi, nhẹ"
Sports,Sukan,体育运动,Thể thao,15674,6,"Tai chi chuan, Yang style","Tai chi chuan, gaya Yang",太极拳，杨式,"Thái cực quyền, phong cách Yang"
Sports,Sukan,体育运动,Thể thao,15675,6.8,"Tennis, general, moderate effort","Tenis, umum, usaha sederhana",网球，一般，中等强度,"Quần vợt, tổng quát, vừa"
Sports,Sukan,体育运动,Thể thao,15676,8,"Tennis, general, competitive","Tenis, umum, pertandingan",网球，一般，竞技,"Quần vợt, tổng quát, cạnh tranh"
Sports,Sukan,体育运动,Thể thao,15680,6,"Tennis, doubles (Taylor Code 430)","Tenis, beregu (Taylor Code 430)",网球，双打（Taylor 代码 430）,"Quần vợt, đôi (Mã Taylor 430)"
Sports,Sukan,体育运动,Thể thao,15685,4.5,"Tennis, doubles","Tenis, beregu",网球，双打,"Quần vợt, đôi"
Sports,Sukan,体育运动,Thể thao,15690,8,"Tennis, singles (Taylor Code 420)","Tenis, perseorangan (Taylor Code 420)",网球，单打（Taylor 代码 420）,"Quần vợt, đơn (Mã Taylor 420)"
Sports,Sukan,体育运动,Thể thao,15695,5,"Tennis, hitting balls, non-game play, moderate effort","Tenis, pukul bola, bukan perlawanan, usaha sederhana",网球，击球练习，非比赛，中等强度,"Quần vợt, đánh bóng, không chơi trận, vừa"
Sports,Sukan,体育运动,Thể thao,15700,6.3,"Trampoline, recreational","Trampolin, rekreasi",蹦床，娱乐,"Nhún trampoline, giải trí"
Sports,Sukan,体育运动,Thể thao,15702,10.3,"Trampoline, competitive","Trampolin, pertandingan",蹦床，竞技,"Nhún trampoline, cạnh tranh"
Sports,Sukan,体育运动,Thể thao,15710,4,Volleyball (Taylor Code 400),Bola tampar (Taylor Code 400),排球（Taylor 代码 400）,Bóng chuyền (Mã Taylor 400)
Sports,Sukan,体育运动,Thể thao,15711,6,"Volleyball, competitive, in gymnasium","Bola tampar, pertandingan, dalam gimnasium",排球，竞技，室内,"Bóng chuyền, cạnh tranh, trong nhà"
Sports,Sukan,体育运动,Thể thao,15720,3,"Volleyball, non-competitive, 6 - 9 member team, general","Bola tampar, bukan pertandingan, 6 - 9 ahli sepasukan, umum",排球，非竞技，6-9 人团队，一般,"Bóng chuyền, không cạnh tranh, đội 6-9 người, tổng quát"
Sports,Sukan,体育运动,Thể thao,15725,8,"Volleyball, beach, in sand","Bola tampar, pantai, di pasir",沙滩排球，沙地,"Bóng chuyền bãi biển, trên cát"
Sports,Sukan,体育运动,Thể thao,15730,6,"Wrestling, competitive (one match = 5 minutes)","Gusti, pertandingan (satu perlawanan = 5 minit)",摔跤，竞技（每场比赛 = 5 分钟）,"Vật, cạnh tranh (một trận = 5 phút)"
Sports,Sukan,体育运动,Thể thao,15731,7,"Wallyball, general","Wallyball, umum",壁式排球，一般,"Wallyball, tổng quát"
Sports,Sukan,体育运动,Thể thao,15732,4,"Track and field (e.g., shot, discus, hammer throw)","Olahraga (contoh: lontar peluru, cakera, tukul)",田径（如铅球、铁饼、链球）,"Điền kinh (ví dụ: ném tạ, đĩa, búa)"
Sports,Sukan,体育运动,Thể thao,15733,6,"Track and field (e.g., high jump, long jump, triple jump, javelin, pole vault)","Olahraga (contoh: lompat tinggi, lompat jauh, lompat berganda, lembing, lompat galah)",田径（如跳高、跳远、三级跳、标枪、撑竿跳）,"Điền kinh (ví dụ: nhảy cao, nhảy xa, nhảy ba bước, lao javelin, xà trụ)"
Sports,Sukan,体育运动,Thể thao,15734,10,"Track and field (e.g., steeplechase, hurdles)","Olahraga (contoh: lari berhalangan, lari berpagar)",田径（如障碍赛、跨栏）,"Điền kinh (ví dụ: vượt rào, vượt chướng ngại)"
Walking,Berbasikal,散步,Đi bộ,17010,7,Backpacking (Taylor Code 050),Mendaki gunung dengan beg galas (Taylor Code 050),背包旅行（Taylor 代码 050）,"Đi bộ đường dài, ba lô (Mã Taylor 050)"
Walking,Berbasikal,散步,Đi bộ,17011,3.5,"Walking with a day pack, level ground, assumed in the city","Berjalan dengan beg harian, tanah rata, dalam bandar",背包行走，日用背包，平地，城市环境,"Đi bộ với ba lô ngày, trên mặt bằng, giả định trong thành phố"
Walking,Berbasikal,散步,Đi bộ,17012,7.8,"Backpacking,  hiking with a daypack, organized walking with daypack","Mendaki, berjalan dengan beg harian, berjalan beramai-ramai dengan beg harian",背包徒步，携带日用背包，有组织行走,"Đi bộ đường dài, đi bộ với ba lô ngày, đi bộ tổ chức với ba lô ngày"
Walking,Berbasikal,散步,Đi bộ,17016,4,"Carrying 5 to 14 lb (2.3 to 6.4 kg) load (e.g. suitcase, boxes, groceries), level ground, moderate pace","Membawa beban 5 hingga 14 lb (2.3 hingga 6.4 kg) (contoh: beg, kotak, barang runcit), tanah rata, kadar sederhana",搬运 5-14 磅（2.3-6.4 公斤）物品（如手提箱、盒子、杂货），平地，中速,"Mang tải 2,3 đến 6,4 kg (5 đến 14 lb) (ví dụ: vali, hộp, thực phẩm), mặt bằng, tốc độ vừa"
Walking,Berbasikal,散步,Đi bộ,17018,4.5,"Carrying 15 - 155 lb (6.8 - 70.4 kg) load (e.g. suitcase, boxes, furniture), level ground or downstairs, slow pace","Membawa beban 15 - 155 lb (6.8 - 70.4 kg) (contoh: beg, kotak, perabot), tanah rata atau menuruni tangga, kadar perlahan",搬运 15-155 磅（6.8-70.4 公斤）物品（如手提箱、家具），平地或下楼，慢速,"Mang tải 6,8 đến 70,4 kg (15-155 lb) (ví dụ: vali, hộp, đồ nội thất), mặt bằng hoặc xuống cầu thang, tốc độ chậm"
Walking,Berbasikal,散步,Đi bộ,17019,6.5,"Carrying 50 to 150 pound load (e.g., equine or bovine feed, fence pipes, furniture), level ground, moderate pace","Membawa beban 50 hingga 150 lb (contoh: makanan ternakan, paip pagar, perabot), tanah rata, kadar sederhana",搬运 50-150 磅物品（如饲料、围栏管、家具），平地，中速,"Mang tải 22,7 đến 68 kg (50-150 lb) (ví dụ: thức ăn cho gia súc, ống hàng rào, đồ nội thất), mặt bằng, tốc độ vừa"
Walking,Berbasikal,散步,Đi bộ,17021,2.3,"Carrying ~10 lb child, slow walking","Membawa anak ~10 lb, berjalan perlahan",抱 约 10 磅 小孩，慢走,"Mang trẻ ~4,5 kg (10 lb), đi chậm"
Walking,Berbasikal,散步,Đi bộ,17025,8.3,"Carrying load upstairs, general","Membawa beban menaiki tangga, umum",搬运物品上楼，一般,"Mang tải lên cầu thang, tổng quát"
Walking,Berbasikal,散步,Đi bộ,17026,5.5,"Carrying load, 1 to 15 lb load, upstairs","Membawa beban, 1 hingga 15 lb, menaiki tangga",搬运物品，1-15 磅，上楼,"Mang tải 0,5 đến 6,8 kg (1-15 lb) lên cầu thang"
Walking,Berbasikal,散步,Đi bộ,17027,6,"Carrying load, 16 to 24 lb load, upstairs","Membawa beban, 16 hingga 24 lb, menaiki tangga",搬运物品，16-24 磅，上楼,"Mang tải 7,3 đến 10,9 kg (16-24 lb) lên cầu thang"
Walking,Berbasikal,散步,Đi bộ,17028,8,"Carrying load, 25 to 49 lb load, upstairs","Membawa beban, 25 hingga 49 lb, menaiki tangga",搬运物品，25-49 磅，上楼,"Mang tải 11,3 đến 22,2 kg (25-49 lb) lên cầu thang"
Walking,Berbasikal,散步,Đi bộ,17029,10,"Carrying load, 50 to 74 lb load, upstairs","Membawa beban, 50 hingga 74 lb, menaiki tangga",搬运物品，50-74 磅，上楼,"Mang tải 22,7 đến 33,6 kg (50-74 lb) lên cầu thang"
Walking,Berbasikal,散步,Đi bộ,17030,12,"Carrying load, >74 lb load, upstairs","Membawa beban, >74 lb, menaiki tangga",搬运物品，大于 74 磅，上楼,"Mang tải >33,6 kg (>74 lb) lên cầu thang"
Walking,Berbasikal,散步,Đi bộ,17031,3.8,"Loading  and/or unloading a car, implied walking","Memunggah dan/atau memuatkan kereta, termasuk berjalan",装卸汽车，包含走动,"Bốc xếp và/hoặc dỡ hàng vào xe, kèm đi bộ"
Walking,Berbasikal,散步,Đi bộ,17032,5,"Climbing hills, no load, 5 to 20% grade, very slow pace","Mendaki bukit, tanpa beban, cerun 5 hingga 20%, kadar sangat perlahan",爬坡，无负重，坡度 5-20%，极慢速,"Leo đồi, không tải, dốc 5-20%, tốc độ rất chậm"
Walking,Berbasikal,散步,Đi bộ,17033,3.8,"Climbing hills, 15-50 lb load, 1 to 2% grade, slow pace","Mendaki bukit, beban 15-50 lb, cerun 1 hingga 2%, kadar perlahan",爬坡，负重 15-50 磅，坡度 1-2%，慢速,"Leo đồi, tải 7-23 kg (15-50 lb), dốc 1-2%, tốc độ chậm"
Walking,Berbasikal,散步,Đi bộ,17034,5.3,"Climbing hills, no load, 1 to 5% grade, moderate-to-brisk pace","Mendaki bukit, tanpa beban, cerun 1 hingga 5%, kadar sederhana hingga laju",爬坡，无负重，坡度 1-5%，中速至快速,"Leo đồi, không tải, dốc 1-5%, tốc độ vừa đến nhanh"
Walking,Berbasikal,散步,Đi bộ,17035,7,"Climbing hills, no load, 6 to 10% grade, moderate-to-brisk pace","Mendaki bukit, tanpa beban, cerun 6 hingga 10%, kadar sederhana hingga laju",爬坡，无负重，坡度 6-10%，中速至快速,"Leo đồi, không tải, dốc 6-10%, tốc độ vừa đến nhanh"
Walking,Berbasikal,散步,Đi bộ,17036,8.8,"Climbing hills, no load, 11 to 20% grade, slow-to-moderate pace","Mendaki bukit, tanpa beban, cerun 11 hingga 20%, kadar perlahan hingga sederhana",爬坡，无负重，坡度 11-20%，慢至中速,"Leo đồi, không tải, dốc 11-20%, tốc độ chậm đến vừa"
Walking,Berbasikal,散步,Đi bộ,17037,10,"Climbing hills, no load, 4.0 to 5.0 mph, 3 to 5% grade, very fast pace","Mendaki bukit, tanpa beban, 4.0 hingga 5.0 mph, cerun 3 hingga 5%, kadar sangat laju",爬坡，无负重，4.0-5.0 英里/小时，坡度 3-5%，极快速,"Leo đồi, không tải, 4,0 đến 5,0 mph, dốc 3-5%, tốc độ rất nhanh"
Walking,Berbasikal,散步,Đi bộ,17038,8.5,"Climbing hills, no load, steep grade (30%), slow pace (less than 1.2 mph)","Mendaki bukit, tanpa beban, cerun curam (30%), kadar perlahan (kurang daripada 1.2 mph)",爬坡，无负重，陡坡（30%），慢速（小于 1.2 英里/小时）,"Leo đồi, không tải, dốc dốc (30%), tốc độ chậm (<1,2 mph)"
Walking,Berbasikal,散步,Đi bộ,17039,15.5,"Climbing hills, no load, very steep grade (30-40%), 1.2 to 1.8 mph","Mendaki bukit, tanpa beban, cerun sangat curam (30-40%), 1.2 hingga 1.8 mph",爬坡，无负重，非常陡坡（30-40%），1.2-1.8 英里/小时,"Leo đồi, không tải, dốc rất dốc (30-40%), 1,2 đến 1,8 mph"
Walking,Berbasikal,散步,Đi bộ,17040,16.3,"Climbing hills, no load, steep grade (10-40%), 1.8 to 5.0 mph","Mendaki bukit, tanpa beban, cerun curam (10-40%), 1.8 hingga 5.0 mph",爬坡，无负重，陡坡（10-40%），1.8-5.0 英里/小时,"Leo đồi, không tải, dốc 10-40%, 1,8 đến 5,0 mph"
Walking,Berbasikal,散步,Đi bộ,17045,6.5,"Climbing hills, 10 to 20 lb load, 5 to 10% grade, moderate","Mendaki bukit, beban 10 hingga 20 lb, cerun 5 hingga 10%, sederhana",爬坡，负重 10-20 磅，坡度 5-10%，中等,"Leo đồi, tải 5-9 kg (10-20 lb), dốc 5-10%, vừa"
Walking,Berbasikal,散步,Đi bộ,17050,7.5,"Climbing hills, 21 to 40 lb load, 3 to 10% grade, moderate-to-brisk pace","Mendaki bukit, beban 21 hingga 40 lb, cerun 3 hingga 10%, kadar sederhana hingga laju",爬坡，负重 21-40 磅，坡度 3-10%，中速至快速,"Leo đồi, tải 9,5-18 kg (21-40 lb), dốc 3-10%, vừa đến nhanh"
Walking,Berbasikal,散步,Đi bộ,17060,10,"Climbing hills, 20+ pound load, 5 to 20% grade, moderate to brisk pace","Mendaki bukit, beban lebih 20 lb, cerun 5 hingga 20%, kadar sederhana hingga laju",爬坡，负重 20+ 磅，坡度 5-20%，中速至快速,"Leo đồi, tải >9 kg (20+ lb), dốc 5-20%, vừa đến nhanh"
Walking,Berbasikal,散步,Đi bộ,17070,3.5,Descending stairs,Menuruni tangga,下楼梯,Xuống cầu thang
Walking,Berbasikal,散步,Đi bộ,17076,4.5,"Hauling water, head hauling, walking on flat surface","Mengangkut air, atas kepala, berjalan di tanah rata",挑水，顶挑，平地行走,"Kéo nước, đầu kéo, đi bộ trên mặt bằng"
Walking,Berbasikal,散步,Đi bộ,17080,6,"Hiking, cross country (Taylor Code 040)","Mendaki, rentas desa (Taylor Code 040)",徒步，越野（Taylor 代码 040）,"Đi bộ đường dài, băng qua đồng cỏ (Mã Taylor 040)"
Walking,Berbasikal,散步,Đi bộ,17081,3.8,"Hiking slowly or ambling through fields and hillsides, no load","Mendaki perlahan atau berjalan santai di ladang dan bukit, tanpa beban",徒步，缓慢或闲逛，田野丘陵，无负重,"Đi bộ chậm hoặc thong thả qua đồng cỏ và đồi, không tải"
Walking,Berbasikal,散步,Đi bộ,17082,5.3,"Hiking or walking at a normal pace through fields and hillsides, no load","Mendaki atau berjalan pada kadar normal di ladang dan bukit, tanpa beban",徒步或正常步速穿越田野丘陵，无负重,"Đi bộ hoặc đi bình thường qua đồng cỏ và đồi, không tải"
Walking,Berbasikal,散步,Đi bộ,17085,2.5,"Bird watching, walking and stopping","Pemerhatian burung, berjalan dan berhenti",观鸟，走走停停,"Quan sát chim, đi bộ và dừng lại"
Walking,Berbasikal,散步,Đi bộ,17088,4.5,"Marching, moderate speed, military, no pack","Berjalan berbaris, kadar sederhana, tentera, tanpa beg",行军，中速，军队，无负重,"Diễu hành, tốc độ vừa, quân sự, không ba lô"
Walking,Berbasikal,散步,Đi bộ,17090,8,"Marching rapidly, military, no pack","Berjalan berbaris laju, tentera, tanpa beg",行军，快速，军队，无负重,"Diễu hành nhanh, quân sự, không ba lô"
Walking,Berbasikal,散步,Đi bộ,17100,3.8,"Pushing or pulling stroller with child or walking with children, 2.5 to 3.1 mph","Menolak atau menarik stroller dengan anak atau berjalan bersama anak, 2.5 hingga 3.1 mph",推婴儿车或与孩子一起走，2.5-3.1 英里/小时,"Đẩy hoặc kéo xe đẩy với trẻ em, 2,5 đến 3,1 mph"
Walking,Berbasikal,散步,Đi bộ,17105,3.8,"Pushing a wheelchair, non-occupational","Menolak kerusi roda, bukan pekerjaan",推轮椅，非职业,"Đẩy xe lăn, không nghề nghiệp"
Walking,Berbasikal,散步,Đi bộ,17110,6.5,Race walking,Berjalan lumba,竞走,Đi bộ nhanh
Walking,Berbasikal,散步,Đi bộ,17130,8,"Stair climbing, using or climbing up ladder (Taylor Code 030)","Mendaki tangga, guna atau panjat tangga (Taylor Code 030)",爬楼梯，使用或攀爬梯子（Taylor 代码 030）,"Leo cầu thang, sử dụng hoặc leo thang (Mã Taylor 030)"
Walking,Berbasikal,散步,Đi bộ,17131,6.8,"Stair climbing, general","Mendaki tangga, umum",爬楼梯，一般,"Leo cầu thang, tổng quát"
Walking,Berbasikal,散步,Đi bộ,17133,4.5,"Stair climbing, slow pace","Mendaki tangga, kadar perlahan",爬楼梯，慢速,"Leo cầu thang, tốc độ chậm"
Walking,Berbasikal,散步,Đi bộ,17134,9.3,"Stair climbing, fast pace, one step at a time","Mendaki tangga, kadar laju, satu anak tangga pada satu masa",爬楼梯，快速，一次一步,"Leo cầu thang, tốc độ nhanh, từng bậc một"
Walking,Berbasikal,散步,Đi bộ,17136,7.5,"Stair climbing, two steps at a time","Mendaki tangga, dua anak tangga pada satu masa",爬楼梯，两步并一步,"Leo cầu thang, hai bậc một lần"
Walking,Berbasikal,散步,Đi bộ,17138,7.5,"Stair climbing, ascending and descending stairs","Mendaki tangga, naik dan turun tangga",爬楼梯，上下楼梯,"Leo cầu thang, lên và xuống"
Walking,Berbasikal,散步,Đi bộ,17140,4.5,"Using crutches, level ground, general","Menggunakan tongkat ketiak, tanah rata, umum",拐杖行走，平地，一般,"Sử dụng nạng, mặt bằng, tổng quát"
Walking,Berbasikal,散步,Đi bộ,17142,7,"Using crutches, fast pace","Menggunakan tongkat ketiak, kadar laju",拐杖行走，快速,"Sử dụng nạng, tốc độ nhanh"
Walking,Berbasikal,散步,Đi bộ,17145,4.3,Using medical knee scooter,Menggunakan skuter lutut perubatan,医疗膝车代步,Sử dụng xe đẩy y tế cho đầu gối
Walking,Berbasikal,散步,Đi bộ,17150,2.3,"Walking, household","Berjalan, kerja rumah",步行，家务相关,"Đi bộ, trong nhà"
Walking,Berbasikal,散步,Đi bộ,17151,2.3,"Walking, less than 2.0 mph, level, strolling, very slow","Berjalan, kurang daripada 2.0 mph, tanah rata, santai, sangat perlahan",步行，小于 2.0 英里/小时，平地，散步，非常慢,"Đi bộ, <2,0 mph, mặt bằng, thong thả, rất chậm"
Walking,Berbasikal,散步,Đi bộ,17152,2.8,"Walking, 2.0 to 2.4 mph, level, slow pace, firm surface","Berjalan, 2.0 hingga 2.4 mph, tanah rata, kadar perlahan, permukaan keras",步行，2.0-2.4 英里/小时，平地，慢速，坚实路面,"Đi bộ, 2,0-2,4 mph, mặt bằng, tốc độ chậm, bề mặt cứng"
Walking,Berbasikal,散步,Đi bộ,17160,3.5,Walking for pleasure (Taylor Code 010),Berjalan untuk keseronokan (Taylor Code 010),散步（Taylor 代码 010）,Đi bộ để thư giãn (Mã Taylor 010)
Walking,Berbasikal,散步,Đi bộ,17161,2.5,"Walking from house to car or bus, from car or bus to go places, from car or bus to and from the worksite","Berjalan dari rumah ke kereta atau bas, dari kereta atau bas untuk ke tempat lain, dari kereta atau bas ke tempat kerja",从家走到车或公交，从车或公交到目的地，从车或公交到工作地点,"Đi từ nhà đến xe hoặc xe buýt, từ xe hoặc xe buýt đến nơi, từ xe hoặc xe buýt đến và từ nơi làm việc"
Walking,Berbasikal,散步,Đi bộ,17162,2.5,Walking to neighbor’s house or family’s house for social reasons,Berjalan ke rumah jiran atau rumah keluarga untuk tujuan sosial,走到邻居或亲友家社交,Đi bộ đến nhà hàng xóm hoặc nhà người thân vì lý do xã hội
Walking,Berbasikal,散步,Đi bộ,17165,3,Walking the dog,Berjalan dengan anjing,遛狗,Đi dạo với chó
Walking,Berbasikal,散步,Đi bộ,17170,3,"Walking, 2.5 mph, firm, level surface","Berjalan, 2.5 mph, permukaan keras, rata",步行，2.5 英里/小时，坚实平地,"Đi bộ, 2,5 mph, bề mặt cứng, mặt bằng"
Walking,Berbasikal,散步,Đi bộ,17180,3.3,"Walking, 2.5 mph, downhill","Berjalan, 2.5 mph, menurun bukit",步行，2.5 英里/小时，下坡,"Đi bộ, 2,5 mph, xuống dốc"
Walking,Berbasikal,散步,Đi bộ,17190,3.8,"Walking, 2.8 to 3.4 mph, level, moderate pace, firm surface","Berjalan, 2.8 hingga 3.4 mph, rata, kadar sederhana, permukaan keras",步行，2.8-3.4 英里/小时，平地，中速，坚实路面,"Đi bộ, 2,8-3,4 mph, mặt bằng, tốc độ vừa, bề mặt cứng"
Walking,Berbasikal,散步,Đi bộ,17200,4.8,"Walking, 3.5 to 3.9 mph, level, brisk, firm surface, walking for exercise","Berjalan, 3.5 hingga 3.9 mph, rata, laju, permukaan keras, berjalan untuk senaman",步行，3.5-3.9 英里/小时，平地，快速，坚实路面，锻炼用,"Đi bộ, 3,5-3,9 mph, mặt bằng, nhanh, bề mặt cứng, đi bộ để tập thể dục"
Walking,Berbasikal,散步,Đi bộ,17220,5.5,"Walking, 4.0 to 4.4 mph (6.4 to 7.0 km/h), level, firm surface, very brisk pace","Berjalan, 4.0 hingga 4.4 mph (6.4 hingga 7.0 km/j), rata, permukaan keras, kadar sangat laju",步行，4.0-4.4 英里/小时（6.4-7.0 公里/小时），平地，非常快,"Đi bộ, 4,0-4,4 mph (6,4-7,0 km/h), mặt bằng, bề mặt cứng, rất nhanh"
Walking,Berbasikal,散步,Đi bộ,17230,7,"Walking, 4.5 to 4.9 mph, level, firm surface, very, very brisk","Berjalan, 4.5 hingga 4.9 mph, rata, permukaan keras, sangat, sangat laju",步行，4.5-4.9 英里/小时，平地，极快,"Đi bộ, 4,5-4,9 mph, mặt bằng, bề mặt cứng, rất, rất nhanh"
Walking,Berbasikal,散步,Đi bộ,17231,8.5,"Walking, 5.0 to 5.5 mph (8.8 to 8.9 km/h), level, firm surface","Berjalan, 5.0 hingga 5.5 mph (8.8 hingga 8.9 km/j), rata, permukaan keras",步行，5.0-5.5 英里/小时（8.8-8.9 公里/小时），平地,"Đi bộ, 5,0-5,5 mph (8,0-8,9 km/h), mặt bằng, bề mặt cứng"
Walking,Berbasikal,散步,Đi bộ,17250,3.5,"Walking, for pleasure, work break (Taylor Code xxx)","Berjalan, untuk keseronokan, waktu rehat kerja (Taylor Code xxx)",步行，休闲，工作间隙（Taylor 代码 xxx）,"Đi bộ, để thư giãn, nghỉ giải lao (Mã Taylor xxx)"
Walking,Berbasikal,散步,Đi bộ,17255,4,"Walking, self-selected speed, indoor track or outdoors, firm surface","Berjalan, kadar sendiri, trek dalam bangunan atau luar, permukaan keras",步行，自选速度，室内跑道或户外，坚实路面,"Đi bộ, tốc độ tự chọn, trên đường đi trong nhà hoặc ngoài trời, bề mặt cứng"
Walking,Berbasikal,散步,Đi bộ,17260,4.8,"Walking, grass track","Berjalan, trek rumput",步行，草地跑道,"Đi bộ, trên đường cỏ"
Walking,Berbasikal,散步,Đi bộ,17262,4.5,"Walking, normal pace, plowed field or sand","Berjalan, kadar normal, di ladang yang dibajak atau pasir",步行，正常速度，犁地或沙地,"Đi bộ, tốc độ bình thường, ruộng cày hoặc cát"
Walking,Berbasikal,散步,Đi bộ,17270,4,"Walking, to work or class (Taylor Code 015)","Berjalan, ke tempat kerja atau kelas (Taylor Code 015)",步行，上班或上课（Taylor 代码 015）,Đi bộ đến nơi làm việc hoặc lớp học (Mã Taylor 015)
Walking,Berbasikal,散步,Đi bộ,17280,2.5,"Walking, to and from an outhouse","Berjalan, ke dan dari tandas luar",步行，往返户外厕所,"Đi bộ, đến và từ nhà vệ sinh ngoài trời"
Walking,Berbasikal,散步,Đi bộ,17302,4.3,"Walking, for exercise, 2.5 to 3.5 mph (4.0 to 5.6 km/h), with ski poles, Nordic walking, level, moderate pace","Berjalan untuk senaman, 2.5 hingga 3.5 mph (4.0 hingga 5.6 km/j), dengan kayu ski, berjalan Nordic, rata, kadar sederhana",步行锻炼，2.5-3.5 英里/小时（4.0-5.6 公里/小时），使用滑雪杖，平地，中速,"Đi bộ, để tập thể dục, 2,5-3,5 mph (4,0-5,6 km/h), với gậy trượt tuyết, Nordic walking, mặt bằng, tốc độ vừa"
Walking,Berbasikal,散步,Đi bộ,17304,5.3,"Walking, for exercise, 3.6 to 4.4 mph (5.8 to 7.1 km/h), with ski poles, Nordic walking, level, moderate pace","Berjalan untuk senaman, 3.6 hingga 4.4 mph (5.8 hingga 7.1 km/j), dengan kayu ski, berjalan Nordic, rata, kadar sederhana",步行锻炼，3.6-4.4 英里/小时（5.8-7.1 公里/小时），使用滑雪杖，平地，中速,"Đi bộ, để tập thể dục, 3,6-4,4 mph (5,8-7,1 km/h), với gậy trượt tuyết, Nordic walking, mặt bằng, tốc độ vừa"
Walking,Berbasikal,散步,Đi bộ,17305,8.5,"Walking, for exercise, 4.5 to 5.0 mph, with ski poles, Nordic walking, level, fast pace","Berjalan untuk senaman, 4.5 hingga 5.0 mph, dengan kayu ski, berjalan Nordic, rata, kadar laju",步行锻炼，4.5-5.0 英里/小时，使用滑雪杖，平地，快速,"Đi bộ, để tập thể dục, 4,5-5,0 mph, với gậy trượt tuyết, Nordic walking, mặt bằng, tốc độ nhanh"
Walking,Berbasikal,散步,Đi bộ,17310,8.8,"Walking, for exercise, with ski poles, Nordic walking, uphill, moderate pace","Berjalan untuk senaman, dengan kayu ski, berjalan Nordic, mendaki bukit, kadar sederhana",步行锻炼，使用滑雪杖，上坡，中速,"Đi bộ, để tập thể dục, với gậy trượt tuyết, Nordic walking, lên dốc, tốc độ vừa"
Walking,Berbasikal,散步,Đi bộ,17313,10.8,"Walking, for exercise, with ski poles, Nordic walking, level ground, carrying 20 to 30 lb load (9.0 to 15.0 kg)","Berjalan untuk senaman, dengan kayu ski, berjalan Nordic, tanah rata, membawa beban 20 hingga 30 lb (9.0 hingga 15.0 kg)",步行锻炼，使用滑雪杖，平地，负重 20-30 磅（9.0-15.0 公斤）,"Đi bộ, để tập thể dục, với gậy trượt tuyết, Nordic walking, mặt bằng, mang tải 9-15 kg (20-30 lb)"
Walking,Berbasikal,散步,Đi bộ,17315,12.3,"Walking, for exercise, with ski poles, Nordic walking, uphill, carrying 20 to 30 lb load (9.0 to 15.0 kg)","Berjalan untuk senaman, dengan kayu ski, berjalan Nordic, mendaki bukit, membawa beban 20 hingga 30 lb (9.0 hingga 15.0 kg)",步行锻炼，使用滑雪杖，上坡，负重 20-30 磅（9.0-15.0 公斤）,"Đi bộ, để tập thể dục, với gậy trượt tuyết, Nordic walking, lên dốc, mang tải 9-15 kg (20-30 lb)"
Walking,Berbasikal,散步,Đi bộ,17320,6,"Walking, backward, 3.5 mph, level","Berjalan ke belakang, 3.5 mph, rata",步行，倒退，3.5 英里/小时，平地,"Đi bộ lùi, 3,5 mph, mặt bằng"
Walking,Berbasikal,散步,Đi bộ,17325,7.8,"Walking, backward, 3.5 mph, uphill, 5% grade","Berjalan ke belakang, 3.5 mph, mendaki bukit, cerun 5%",步行，倒退，3.5 英里/小时，上坡，5% 坡度,"Đi bộ lùi, 3,5 mph, lên dốc, dốc 5%"
Walking,Berbasikal,散步,Đi bộ,17330,8,"Walking, Teabag walk, Monty Python Ministry of Silly Walks","Berjalan, gaya Teabag, Monty Python Ministry of Silly Walks",步行，茶包步，蒙提·派森滑稽步态部,"Đi bộ Teabag, Monty Python Bộ môn điệu bộ ngớ ngẩn"
Walking,Berbasikal,散步,Đi bộ,17332,3.5,"Walking, Putey walk, Monty Python Ministry of Silly Walks","Berjalan, gaya Putey, Monty Python Ministry of Silly Walks",步行，扑特步，蒙提·派森滑稽步态部,"Đi bộ Putey, Monty Python Bộ môn điệu bộ ngớ ngẩn"
Walking,Berbasikal,散步,Đi bộ,17340,2.1,"Walking, treadmill, less than 1.0 mph, 0% grade","Berjalan, treadmill, kurang daripada 1.0 mph, cerun 0%",步行，跑步机，小于 1.0 英里/小时，0% 坡度,"Đi bộ trên máy chạy bộ, <1,0 mph, dốc 0%"
Walking,Berbasikal,散步,Đi bộ,17343,2.3,"Walking, treadmill, 1.0 mph, 0% grade","Berjalan, treadmill, 1.0 mph, cerun 0%",步行，跑步机，1.0 英里/小时，0% 坡度,"Đi bộ trên máy chạy bộ, 1,0 mph, dốc 0%"
Walking,Berbasikal,散步,Đi bộ,17346,2.8,"Walking, treadmill, 1.2 to 1.9 mph, 0% grade (1.9 to 3.0 km/h)","Berjalan, treadmill, 1.2 hingga 1.9 mph, cerun 0% (1.9 hingga 3.0 km/j)",步行，跑步机，1.2-1.9 英里/小时，0% 坡度（1.9-3.0 公里/小时）,"Đi bộ trên máy chạy bộ, 1,2-1,9 mph, dốc 0% (1,9-3,0 km/h)"
Walking,Berbasikal,散步,Đi bộ,17349,3,"Walking, treadmill, 2.0 to 2.4 mph (3.2 to 3.9 km/h), 0% grade","Berjalan, treadmill, 2.0 hingga 2.4 mph (3.2 hingga 3.9 km/j), cerun 0%",步行，跑步机，2.0-2.4 英里/小时（3.2-3.9 公里/小时），0% 坡度,"Đi bộ trên máy chạy bộ, 2,0-2,4 mph (3,2-3,9 km/h), dốc 0%"
Walking,Berbasikal,散步,Đi bộ,17352,3.5,"Walking, treadmill, 2.5 to 2.9 mph (4.0 to 4.7 km/h), 0% grade","Berjalan, treadmill, 2.5 hingga 2.9 mph (4.0 hingga 4.7 km/j), cerun 0%",步行，跑步机，2.5-2.9 英里/小时（4.0-4.7 公里/小时），0% 坡度,"Đi bộ trên máy chạy bộ, 2,5-2,9 mph (4,0-4,7 km/h), dốc 0%"
Walking,Berbasikal,散步,Đi bộ,17355,3.8,"Walking, treadmill, 3.0 to 3.4 mph (4.8 to 5.5 km/h), 0% grade","Berjalan, treadmill, 3.0 hingga 3.4 mph (4.8 hingga 5.5 km/j), cerun 0%",步行，跑步机，3.0-3.4 英里/小时（4.8-5.5 公里/小时），0% 坡度,"Đi bộ trên máy chạy bộ, 3,0-3,4 mph (4,8-5,5 km/h), dốc 0%"
Walking,Berbasikal,散步,Đi bộ,17358,4.8,"Walking, treadmill, 3.5 to 3.9 mph (5.6 to 6.3 km/h), 0% grade","Berjalan, treadmill, 3.5 hingga 3.9 mph (5.6 hingga 6.3 km/j), cerun 0%",步行，跑步机，3.5-3.9 英里/小时（5.6-6.3 公里/小时），0% 坡度,"Đi bộ trên máy chạy bộ, 3,5-3,9 mph (5,6-6,3 km/h), dốc 0%"
Walking,Berbasikal,散步,Đi bộ,17361,5.8,"Walking, treadmill, 4.0 to 4.4 mph (6.4 to 7.1 km/h), 0% grade","Berjalan, treadmill, 4.0 hingga 4.4 mph (6.4 hingga 7.1 km/j), cerun 0%",步行，跑步机，4.0-4.4 英里/小时（6.4-7.1 公里/小时），0% 坡度,"Đi bộ trên máy chạy bộ, 4,0-4,4 mph (6,4-7,1 km/h), dốc 0%"
Walking,Berbasikal,散步,Đi bộ,17364,6.8,"Walking, treadmill, 4.5 to 4.9 mph (7.2 to 7.9 km/h), 0% grade","Berjalan, treadmill, 4.5 hingga 4.9 mph (7.2 hingga 7.9 km/j), cerun 0%",步行，跑步机，4.5-4.9 英里/小时（7.2-7.9 公里/小时），0% 坡度,"Đi bộ trên máy chạy bộ, 4,5-4,9 mph (7,2-7,9 km/h), dốc 0%"
Walking,Berbasikal,散步,Đi bộ,17367,8.3,"Walking, treadmill, 5.0 to 5.5 mph (8.0 to 8.9 km/h), 0% grade","Berjalan, treadmill, 5.0 hingga 5.5 mph (8.0 hingga 8.9 km/j), cerun 0%",步行，跑步机，5.0-5.5 英里/小时（8.0-8.9 公里/小时），0% 坡度,"Đi bộ trên máy chạy bộ, 5,0-5,5 mph (8,0-8,9 km/h), dốc 0%"
Walking,Berbasikal,散步,Đi bộ,17382,3.3,"Walking, treadmill, downhill (-3% to -12% grade), 2.8 to 3.1 mph","Berjalan, treadmill, menurun (-3% hingga -12% cerun), 2.8 hingga 3.1 mph",步行，跑步机，下坡（-3% 至 -12% 坡度），2.8-3.1 英里/小时,"Đi bộ trên máy chạy bộ, xuống dốc (-3% đến -12%), 2,8-3,1 mph"
Walking,Berbasikal,散步,Đi bộ,17412,3.3,"Walking, treadmill, downhill (-5% to -25% grade), 2.8 mph, with Nordic Poles","Berjalan, treadmill, menurun (-5% hingga -25% cerun), 2.8 mph, dengan kayu Nordic",步行，跑步机，下坡（-5% 至 -25% 坡度），2.8 英里/小时，使用滑雪杖,"Đi bộ trên máy chạy bộ, xuống dốc (-5% đến -25%), 2,8 mph, với gậy Nordic"
Walking,Berbasikal,散步,Đi bộ,17434,4.8,"Walking, treadmill, 2.5 mph, 0% grade, 5 to 20 degrees C, 40 lb (18.2 kg) load","Berjalan, treadmill, 2.5 mph, cerun 0%, suhu 5 hingga 20 darjah C, beban 40 lb (18.2 kg)",步行，跑步机，2.5 英里/小时，0% 坡度，5-20℃，负重 40 磅（18.2 公斤）,"Đi bộ trên máy chạy bộ, 2,5 mph, dốc 0%, 5-20 độ C, mang tải 18,2 kg (40 lb)"
Walking,Berbasikal,散步,Đi bộ,17438,5.8,"Walking, treadmill, 2.5 mph, 0% grade, -10 to 0 degrees C, 40 lb (18.2 kg) load","Berjalan, treadmill, 2.5 mph, cerun 0%, suhu -10 hingga 0 darjah C, beban 40 lb (18.2 kg)",步行，跑步机，2.5 英里/小时，0% 坡度，-10 至 0℃，负重 40 磅（18.2 公斤）,"Đi bộ trên máy chạy bộ, 2,5 mph, dốc 0%, -10 đến 0 độ C, mang tải 18,2 kg (40 lb)"
Walking,Berbasikal,散步,Đi bộ,17455,8.3,"Walking, Curved treadmill, 3.0 to 5.0 mph, brisk pace","Berjalan, treadmill melengkung, 3.0 hingga 5.0 mph, kadar laju",步行，弯曲跑步机，3.0-5.0 英里/小时，快速,"Đi bộ trên máy chạy bộ cong, 3,0-5,0 mph, tốc độ nhanh"
Walking,Berbasikal,散步,Đi bộ,17475,7.8,"Walking treadmill, backwards, 2.5 mph, +10% grade","Berjalan treadmill, ke belakang, 2.5 mph, cerun +10%",步行，跑步机，倒退，2.5 英里/小时，+10% 坡度,"Đi bộ trên máy chạy bộ, lùi, 2,5 mph, dốc +10%"
Walking,Berbasikal,散步,Đi bộ,17492,1.5,"Walking, with a walker or step-to gait on treadmill, 0.7 mph (1.1 km/h), 0% grade","Berjalan, dengan walker atau langkah separa di treadmill, 0.7 mph (1.1 km/j), cerun 0%",步行，使用助步器或交替步态在跑步机上，0.7 英里/小时（1.1 公里/小时），0% 坡度,"Đi bộ, với khung tập đi hoặc bước kiểu step-to trên máy chạy bộ, 0,7 mph (1,1 km/h), dốc 0%"
